البند,إيضاح,٢٠٢٤,٢٠٢٣
الإيرادات,٤,٦١٬٠٠٠,٥٨٬٠٠٠
تكلفة المبيعات,٥,(٣٩٬٦٥٠),(٣٥٬٩٦٠)
مجمل الربح,,٢١٬٣٥٠,٢٢٬٠٤٠
المصروفات العمومية والإدارية,٦,(١٤٬٠٣٠),(١٢٬٧٦٠)
الإهلاك والاستهلاك,,(٢٬٦٠٠),(٢٬٣٠٠)
الربح التشغيلي,,٤٬٧٢٠,٦٬٩٨٠
تكاليف التمويل,,(٢٬٨٠٠),(١٬٩٠٠)
الربح قبل الضريبة,,١٬٩٢٠,٥٬٠٨٠
ضريبة الدخل,,(٤٣٢),(١٬١٤٣)
صافي الربح,,١٬٤٨٨,٣٬٩٣٧
النقدية وما في حكمها,,٢٬١٠٠,٤٬٢٠٠
العملاء,,١٥٬٨٠٠,١١٬٥٠٠
المخزون,,١١٬٢٠٠,٨٬٩٠٠
إجمالي الأصول المتداولة,,٣٠٬٣٠٠,٢٥٬٧٠٠
الأصول الثابتة,,٣٣٬٥٠٠,٣١٬٠٠٠
إجمالي الأصول,,٦٥٬٨٠٠,٥٨٬٧٠٠
الموردون,,٨٬٩٠٠,٦٬٢٠٠
قروض قصيرة الأجل,,١٠٬٠٠٠,٦٬٥٠٠
إجمالي الالتزامات المتداولة,,٢١٬٥٠٠,١٥٬٠٠٠
قروض طويلة الأجل,,١٦٬٥٠٠,١٤٬٥٠٠
إجمالي الالتزامات,,٣٨٬٠٠٠,٢٩٬٥٠٠
الأرباح المحتجزة,,١٢٬٨٠٠,١٤٬٢٠٠
إجمالي حقوق الملكية,,٢٧٬٨٠٠,٢٩٬٢٠٠
صافي التدفقات النقدية من الأنشطة التشغيلية,,٣٨٨,٢٬٢٣٧
شراء أصول ثابتة,,(٥٬١٠٠),(٥٬٣٠٠)
توزيعات الأرباح المدفوعة,,(٢٬٨٨٨),(٣٬٧٣٧)
