Line item,2022,2023,2024
Cash and cash equivalents,6000,4200,2100
Trade receivables,8000,11500,15800
Inventories,7000,8900,11200
Prepayments and other current assets,1000,1100,1200
Total current assets,22000,25700,30300
"Property, plant and equipment",28000,31000,33500
Intangible assets,2000,2000,2000
Total assets,52000,58700,65800
Trade payables,5000,6200,8900
Short-term borrowings,4000,6500,10000
Accruals and other current liabilities,2000,2300,2600
Total current liabilities,11000,15000,21500
Long-term borrowings,12000,14500,16500
Total liabilities,23000,29500,38000
Share capital,15000,15000,15000
Retained earnings,14000,14200,12800
Total shareholders' equity,29000,29200,27800
Total liabilities and equity,52000,58700,65800
