payment id,supplier id,invoice no,po no,payment date,currency,gross amount,withholding tax,net payment,paying account,beneficiary iban,payment method,batch,reference,approval status,execution status,created by,approved by,executed by,reconciled by,urgent,manual,Data Note
PAY-DEMO-00001,S005,005-INV-00003,PO-DEMO-00003,12/03/2026,EUR,11637.6,0,11637.6,BA-EUR-01,XD450439546853367771651900000,Bank Transfer,PB-DEMO-2026-001,REF6445D021E8,Approved,Executed,u.acc1,u.fd,u.to,u.acc2,N,N,SYNTHETIC SAMPLE — NOT SUMED DATA
PAY-DEMO-00002,S012,012-INV-00004,PO-DEMO-00004,29/06/2026,USD,3498.32,0,3498.32,BA-USD-01,XD700490026805120416210300000,Bank Transfer,PB-DEMO-2026-002,REF6145CB68E9,Approved,Executed,u.acc1,u.fd,u.to,u.acc2,N,N,SYNTHETIC SAMPLE — NOT SUMED DATA
PAY-DEMO-00003,S014,014-INV-00005,PO-DEMO-00005,24/05/2026,EGP,460539.98,4039.82,456500.16,BA-EGP-01,XD980389361091113606588900000,Bank Transfer,PB-DEMO-2026-003,REF6245CCFBEA,Approved,Executed,u.acc1,u.fd,u.to,u.acc2,N,N,SYNTHETIC SAMPLE — NOT SUMED DATA
PAY-DEMO-00004,S006,006-INV-00006,PO-DEMO-00006,05/04/2026,EGP,512341.72,4494.23,507847.49,BA-EGP-02,XD620389213996364371999600000,Bank Transfer,PB-DEMO-2026-004,REF6745D4DAE3,Approved,Executed,u.acc1,u.fd,u.to,u.acc2,N,N,SYNTHETIC SAMPLE — NOT SUMED DATA
PAY-DEMO-00005,S017,017-INV-00007,PO-DEMO-00007,27/05/2026,EGP,884593.69,23278.78,861314.91,BA-EGP-01,XD100406138710123687869800000,Bank Transfer,PB-DEMO-2026-005,REF6845D66DE4,Approved,Executed,u.acc1,u.fd,u.to,u.acc2,N,N,SYNTHETIC SAMPLE — NOT SUMED DATA
PAY-DEMO-00006,S011,011-INV-00008,PO-DEMO-00008,05/02/2026,USD,53579.7,439.18,53140.52,BA-USD-01,XD810439693948117006241200000,Bank Transfer,PB-DEMO-2026-006,REF6545D1B4E5,Approved,Executed,u.acc1,u.fd,u.to,u.acc2,N,N,SYNTHETIC SAMPLE — NOT SUMED DATA
PAY-DEMO-00007,S001,001-INV-00010,PO-DEMO-00010,25/08/2026,USD,33280.75,875.81,32404.94,BA-USD-01,XD530372436377354290718700000,Bank Transfer,PB-DEMO-2026-007,REF6645D347E6,Approved,Executed,u.acc1,u.fd,u.to,u.acc2,N,N,SYNTHETIC SAMPLE — NOT SUMED DATA
PAY-DEMO-00008,S022,022-INV-00011,PO-DEMO-00011,13/09/2026,EGP,5277574.28,77574.28,5200000,BA-EGP-01,XD362871904250421219984600000,Bank Transfer,PB-DEMO-2026-008,REF5B45C1F6DF,Approved,Executed,u.acc1,u.fd,u.to,u.acc2,N,N,SYNTHETIC SAMPLE — NOT SUMED DATA
PAY-DEMO-00009,S017,017-INV-00012,PO-DEMO-00012,03/05/2026,EGP,419017.31,11026.77,407990.54,BA-EGP-02,XD100406138710123687869800000,Bank Transfer,PB-DEMO-2026-009,REF5C45C389E0,Approved,Executed,u.acc1,u.fd,u.to,u.acc2,N,N,SYNTHETIC SAMPLE — NOT SUMED DATA
PAY-DEMO-00010,S002,002-INV-00013,PO-DEMO-00013,15/03/2026,EGP,200101.11,1755.27,198345.84,BA-EGP-02,XD640322103520350880749600000,Bank Transfer,PB-DEMO-2026-010,REF69481697ED,Approved,Executed,u.acc1,u.fd,u.to,u.acc2,N,N,SYNTHETIC SAMPLE — NOT SUMED DATA
PAY-DEMO-00011,S011,011-INV-00014,PO-DEMO-00014,16/06/2026,USD,19007.43,166.73,18840.7,BA-USD-01,XD810439693948117006241200000,Bank Transfer,PB-DEMO-2026-011,REF68481504EC,Approved,Executed,u.acc1,u.fd,u.to,u.acc2,N,N,SYNTHETIC SAMPLE — NOT SUMED DATA
PAY-DEMO-00012,S013,013-INV-00015,PO-DEMO-00015,27/09/2026,EGP,809320.47,7099.3,802221.17,BA-EGP-02,XD610473249186110334929400000,Bank Transfer,PB-DEMO-2026-012,REF6B4819BDEB,Approved,Executed,u.acc1,u.fd,u.to,u.acc2,N,N,SYNTHETIC SAMPLE — NOT SUMED DATA
PAY-DEMO-00013,S001,001-INV-00016,PO-DEMO-00016,15/02/2026,USD,38307.06,336.03,37971.03,BA-USD-01,XD530372436377354290718700000,Bank Transfer,PB-DEMO-2026-013,REF6A48182AEA,Approved,Executed,u.acc1,u.fd,u.to,u.acc2,N,N,SYNTHETIC SAMPLE — NOT SUMED DATA
PAY-DEMO-00014,S012,012-INV-00017,PO-DEMO-00017,02/02/2026,USD,2276.82,0,2276.82,BA-USD-01,XD700490026805120416210300000,Bank Transfer,PB-DEMO-2026-014,REF6548104BE9,Approved,Executed,u.acc1,u.fd,u.to,u.acc2,N,N,SYNTHETIC SAMPLE — NOT SUMED DATA
PAY-DEMO-00015,S001,001-INV-00018,PO-DEMO-00018,02/09/2026,USD,16149.64,424.99,15724.65,BA-USD-01,XD530372436377354290718700000,Bank Transfer,PB-DEMO-2026-015,REF64480EB8E8,Approved,Reversed,u.acc1,u.fd,u.to,u.acc2,N,N,SYNTHETIC SAMPLE — NOT SUMED DATA
PAY-DEMO-00016,S012,012-INV-00019,PO-DEMO-00019,15/02/2026,USD,486.51,0,486.51,BA-USD-01,XD700490026805120416210300000,Bank Transfer,PB-DEMO-2026-013,REF67481371E7,Approved,Executed,u.acc1,u.fd,u.to,u.acc2,N,N,SYNTHETIC SAMPLE — NOT SUMED DATA
PAY-DEMO-00017,S008,008-INV-00020,PO-DEMO-00020,13/09/2026,EGP,819349.65,21561.83,797787.82,BA-EGP-01,XD340489879710371181621000000,Bank Transfer,PB-DEMO-2026-008,REF664811DEE6,Approved,Executed,u.acc1,u.fd,u.to,u.acc2,N,N,SYNTHETIC SAMPLE — NOT SUMED DATA
PAY-DEMO-00018,S002,002-INV-00021,PO-DEMO-00021,21/06/2026,EGP,1549173.41,13589.24,1535584.17,BA-EGP-01,XD640322103520350880749600000,Bank Transfer,PB-DEMO-2026-016,REF614809FFE5,Approved,Executed,u.acc1,u.fd,u.to,u.acc2,N,N,SYNTHETIC SAMPLE — NOT SUMED DATA
PAY-DEMO-00019,S018,018-INV-00023,PO-DEMO-00023,07/07/2026,EUR,31072.56,0,31072.56,BA-EUR-01,XD420590692519127225831700000,Bank Transfer,PB-DEMO-2026-017,REF6048086CE4,Approved,Executed,u.acc1,u.fd,u.to,u.acc2,N,N,SYNTHETIC SAMPLE — NOT SUMED DATA
PAY-DEMO-00020,S003,003-INV-00024,PO-DEMO-00024,06/05/2026,EGP,104668.69,918.15,103750.54,BA-EGP-01,XD730338881139360962030500000,Bank Transfer,PB-DEMO-2026-018,REFD74074FC54,Approved,Executed,u.acc1,u.fd,u.to,u.acc2,N,N,SYNTHETIC SAMPLE — NOT SUMED DATA
PAY-DEMO-00021,S003,003-INV-00025,PO-DEMO-00025,11/08/2026,EGP,1223803.57,10735.12,1213068.45,BA-EGP-01,XD730338881139360962030500000,Bank Transfer,PB-DEMO-2026-019,REFD840768F55,Approved,Executed,u.acc1,u.fd,u.to,u.acc2,N,N,SYNTHETIC SAMPLE — NOT SUMED DATA
PAY-DEMO-00022,S007,007-INV-00027,PO-DEMO-00027,27/09/2026,EGP,1039278.9,27349.44,1011929.46,BA-EGP-02,XD710405991615374453280500000,Bank Transfer,PB-DEMO-2026-012,REFD940782252,Approved,Executed,u.acc1,u.fd,u.to,u.acc2,N,N,SYNTHETIC SAMPLE — NOT SUMED DATA
PAY-DEMO-00023,S012,012-INV-00028,PO-DEMO-00028,08/02/2026,USD,1996.15,0,1996.15,BA-USD-01,XD700490026805120416210300000,Bank Transfer,PB-DEMO-2026-020,REFDA4079B553,Approved,Executed,u.acc1,u.fd,u.to,u.acc2,N,N,SYNTHETIC SAMPLE — NOT SUMED DATA
PAY-DEMO-00024,S013,013-INV-00029,PO-DEMO-00029,08/03/2026,EGP,180967,1587.43,179379.57,BA-EGP-01,XD610473249186110334929400000,Bank Transfer,PB-DEMO-2026-021,REFD3406EB058,Approved,Executed,u.acc1,u.fd,u.to,u.acc2,N,N,SYNTHETIC SAMPLE — NOT SUMED DATA
PAY-DEMO-00025,S006,006-INV-00031,PO-DEMO-00031,18/08/2026,EGP,2419941.06,21227.55,2398713.51,BA-EGP-01,XD620389213996364371999600000,Bank Transfer,PB-DEMO-2026-022,REFD440704359,Approved,Executed,u.acc1,u.fd,u.to,u.acc2,N,N,SYNTHETIC SAMPLE — NOT SUMED DATA
PAY-DEMO-00026,S011,011-INV-00034,PO-DEMO-00034,05/01/2026,USD,28618.97,251.04,28367.93,BA-USD-01,XD810439693948117006241200000,Bank Transfer,PB-DEMO-2026-023,REFD54071D656,Approved,Executed,u.acc1,u.fd,u.to,u.acc2,N,N,SYNTHETIC SAMPLE — NOT SUMED DATA
PAY-DEMO-00027,S010,010-INV-00035,PO-DEMO-00035,24/02/2026,EGP,1186739.15,10409.99,1176329.16,BA-EGP-01,XD960456471567127097838900000,Bank Transfer,PB-DEMO-2026-024,REFD640736957,Approved,Executed,u.acc1,u.fd,u.to,u.acc2,N,N,SYNTHETIC SAMPLE — NOT SUMED DATA
PAY-DEMO-00028,S002,002-INV-00036,PO-DEMO-00036,12/04/2026,EGP,351952.22,3087.3,348864.92,BA-EGP-01,XD640322103520350880749600000,Bank Transfer,PB-DEMO-2026-025,REFDF4081945C,Approved,Executed,u.acc1,u.fd,u.to,u.acc2,N,N,SYNTHETIC SAMPLE — NOT SUMED DATA
PAY-DEMO-00029,S002,002-INV-00039,PO-DEMO-00039,01/02/2026,EGP,79176.32,694.53,78481.79,BA-EGP-01,XD640322103520350880749600000,Bank Transfer,PB-DEMO-2026-026,REFE04083275D,Approved,Executed,u.acc1,u.tm,u.to,u.acc2,N,N,SYNTHETIC SAMPLE — NOT SUMED DATA
PAY-DEMO-00030,S013,013-INV-00040,PO-DEMO-00040,04/01/2026,EGP,529330.77,4643.25,524687.52,BA-EGP-01,XD610473249186110334929400000,Bank Transfer,PB-DEMO-2026-027,REFDD42BD055A,Approved,Executed,u.acc1,u.fd,u.to,u.acc2,N,N,SYNTHETIC SAMPLE — NOT SUMED DATA
PAY-DEMO-00031,S006,006-INV-00041,PO-DEMO-00041,07/06/2026,EGP,2313160.78,20290.88,2292869.9,BA-EGP-01,XD620389213996364371999600000,Bank Transfer,PB-DEMO-2026-028,REFDC42BB7259,Approved,Executed,u.acc1,u.fd,u.to,u.acc2,N,N,SYNTHETIC SAMPLE — NOT SUMED DATA
PAY-DEMO-00032,S004,004-INV-00042,PO-DEMO-00042,29/09/2026,EGP,414451.54,10906.62,403544.92,BA-EGP-01,XD360422769234357690371000000,Bank Transfer,PB-DEMO-2026-029,REFDB42B9DF5C,Approved,Executed,u.acc1,u.fd,u.to,u.acc2,N,N,SYNTHETIC SAMPLE — NOT SUMED DATA
PAY-DEMO-00033,S016,016-INV-00043,PO-DEMO-00044,16/08/2026,EGP,169147.51,4451.25,164696.26,BA-EGP-02,XD224048544526145562489800000,Bank Transfer,PB-DEMO-2026-030,REFDA42B84C5B,Approved,Executed,u.acc1,u.fd,u.to,u.acc2,N,N,SYNTHETIC SAMPLE — NOT SUMED DATA
PAY-DEMO-00034,S017,017-INV-00044,PO-DEMO-00045,04/01/2026,EGP,415904.22,10944.85,404959.37,BA-EGP-01,XD100406138710123687869800000,Bank Transfer,PB-DEMO-2026-027,REFD942B6B956,Approved,Executed,u.acc1,u.fd,u.to,u.acc2,N,N,SYNTHETIC SAMPLE — NOT SUMED DATA
PAY-DEMO-00035,S001,001-INV-00045,PO-DEMO-00046,25/01/2026,USD,33319.32,292.27,33027.05,BA-USD-01,XD530372436377354290718700000,Bank Transfer,PB-DEMO-2026-031,REFD842B52655,Approved,Executed,u.acc1,u.fd,u.to,u.acc2,N,N,SYNTHETIC SAMPLE — NOT SUMED DATA
PAY-DEMO-00036,S004,004-INV-00046,PO-DEMO-00047,05/03/2026,EGP,1077868.96,28364.97,1049503.99,BA-EGP-02,XD360422769234357690371000000,Bank Transfer,PB-DEMO-2026-032,REFD742B39358,Approved,Executed,u.acc1,u.fd,u.to,u.acc2,N,N,SYNTHETIC SAMPLE — NOT SUMED DATA
PAY-DEMO-00037,S016,016-INV-00048,PO-DEMO-00049,15/02/2026,EGP,667749.66,17572.36,650177.3,BA-EGP-01,XD720422916329106924960300000,Bank Transfer,PB-DEMO-2026-033,REFD642B20057,Approved,Executed,u.acc1,u.fd,u.to,u.acc2,N,N,SYNTHETIC SAMPLE — NOT SUMED DATA
PAY-DEMO-00038,S002,002-INV-00049,PO-DEMO-00050,11/03/2026,EGP,1371091.32,12027.12,1359064.2,BA-EGP-01,XD640322103520350880749600000,Bank Transfer,PB-DEMO-2026-034,REFE542C99D62,Approved,Executed,u.acc1,u.fd,u.to,u.acc2,N,N,SYNTHETIC SAMPLE — NOT SUMED DATA
PAY-DEMO-00039,S013,013-INV-00050,PO-DEMO-00051,02/02/2026,EGP,167669.78,1470.79,166198.99,BA-EGP-01,XD610473249186110334929400000,Bank Transfer,PB-DEMO-2026-035,REFE442C80A61,Approved,Executed,u.acc1,u.fd,u.to,u.acc2,N,N,SYNTHETIC SAMPLE — NOT SUMED DATA
PAY-DEMO-00040,S004,004-INV-00052,PO-DEMO-00053,12/04/2026,EGP,2215125.59,58292.78,2156832.81,BA-EGP-01,XD360422769234357690371000000,Bank Transfer,PB-DEMO-2026-025,REF6B3B4DCA4F,Approved,Executed,u.acc1,u.fd,u.to,u.acc2,N,N,SYNTHETIC SAMPLE — NOT SUMED DATA
PAY-DEMO-00041,S001,001-INV-00053,PO-DEMO-00054,05/01/2026,USD,20585.12,541.71,20043.41,BA-USD-01,XD530372436377354290718700000,Bank Transfer,PB-DEMO-2026-023,REF6C3B4F5D50,Approved,Executed,u.acc1,u.fd,u.to,u.acc2,N,N,SYNTHETIC SAMPLE — NOT SUMED DATA
PAY-DEMO-00042,S018,018-INV-00056,PO-DEMO-00057,06/07/2026,EUR,69.68,0,69.68,BA-EUR-01,XD420590692519127225831700000,Bank Transfer,PB-DEMO-2026-036,REF693B4AA451,Approved,Executed,u.acc1,u.fd,u.to,u.acc2,N,N,SYNTHETIC SAMPLE — NOT SUMED DATA
PAY-DEMO-00043,S002,002-INV-00058,PO-DEMO-00059,30/08/2026,EGP,538236.81,4721.38,533515.43,BA-EGP-01,XD640322103520350880749600000,Bank Transfer,PB-DEMO-2026-037,REF6A3B4C3752,Approved,Executed,u.acc1,u.fd,u.to,u.acc2,N,N,SYNTHETIC SAMPLE — NOT SUMED DATA
PAY-DEMO-00044,S008,008-INV-00060,PO-DEMO-00061,24/05/2026,EGP,659114.63,17345.12,641769.51,BA-EGP-01,XD340489879710371181621000000,Bank Transfer,PB-DEMO-2026-003,REF673B477E53,Approved,Executed,u.acc1,u.fd,u.to,u.acc2,N,N,SYNTHETIC SAMPLE — NOT SUMED DATA
PAY-DEMO-00045,S002,002-INV-00061,PO-DEMO-00062,26/03/2026,EGP,1638561.08,14373.34,1624187.74,BA-EGP-01,XD640322103520350880749600000,Bank Transfer,PB-DEMO-2026-038,REF683B491154,Approved,Executed,u.acc1,u.fd,u.to,u.acc2,N,N,SYNTHETIC SAMPLE — NOT SUMED DATA
PAY-DEMO-00046,S002,002-INV-00062,PO-DEMO-00063,09/08/2026,EGP,25593.34,224.5,25368.84,BA-EGP-01,XD640322103520350880749600000,Bank Transfer,PB-DEMO-2026-039,REF653B445855,Approved,Executed,u.acc1,u.tm,u.to,u.acc2,N,N,SYNTHETIC SAMPLE — NOT SUMED DATA
PAY-DEMO-00047,S004,004-INV-00063,PO-DEMO-00064,07/05/2026,EGP,912291.77,24007.68,888284.09,BA-EGP-01,XD360422769234357690371000000,Bank Transfer,PB-DEMO-2026-040,REF663B45EB56,Approved,Executed,u.acc1,u.fd,u.to,u.acc2,N,N,SYNTHETIC SAMPLE — NOT SUMED DATA
PAY-DEMO-00048,S017,017-INV-00065,PO-DEMO-00066,15/07/2026,EGP,1781569.87,46883.42,1734686.45,BA-EGP-02,XD100406138710123687869800000,Bank Transfer,PB-DEMO-2026-041,REF633B413257,Approved,Executed,u.acc1,u.fd,u.to,u.acc2,N,N,SYNTHETIC SAMPLE — NOT SUMED DATA
PAY-DEMO-00049,S001,001-INV-00068,PO-DEMO-00069,01/09/2026,USD,18820.94,495.29,18325.65,BA-USD-01,XD530372436377354290718700000,Bank Transfer,PB-DEMO-2026-042,REF643B42C558,Approved,Executed,u.acc1,u.fd,u.to,u.acc2,N,N,SYNTHETIC SAMPLE — NOT SUMED DATA
PAY-DEMO-00050,S001,001-INV-00069,PO-DEMO-00070,18/03/2026,USD,17691.69,465.57,17226.12,BA-USD-01,XD530372436377354290718700000,Bank Transfer,PB-DEMO-2026-043,REFD13E2CF355,Approved,Executed,u.acc1,u.fd,u.to,u.acc2,N,N,SYNTHETIC SAMPLE — NOT SUMED DATA
PAY-DEMO-00051,S022,022-INV-00070,PO-DEMO-00071,03/05/2026,EGP,1163767.18,30625.45,1133141.73,BA-EGP-01,XD362871904250421219984600000,Bank Transfer,PB-DEMO-2026-044,REFD03E2B6054,Approved,Executed,u.acc1,u.fd,u.to,u.acc2,N,N,SYNTHETIC SAMPLE — NOT SUMED DATA
PAY-DEMO-00052,S002,002-INV-00071,PO-DEMO-00072,27/09/2026,EGP,716512.31,6285.2,710227.11,BA-EGP-01,XD640322103520350880749600000,Bank Transfer,PB-DEMO-2026-045,REFD33E301953,Approved,Executed,u.acc1,u.fd,u.to,u.acc2,N,N,SYNTHETIC SAMPLE — NOT SUMED DATA
PAY-DEMO-00053,S017,017-INV-00072,PO-DEMO-00073,08/02/2026,EGP,410203.45,10794.83,399408.62,BA-EGP-02,XD100406138710123687869800000,Bank Transfer,PB-DEMO-2026-046,REFD23E2E8652,Approved,Executed,u.acc1,u.fd,u.to,u.acc2,N,N,SYNTHETIC SAMPLE — NOT SUMED DATA
PAY-DEMO-00054,S002,002-INV-00073,PO-DEMO-00074,09/03/2026,EGP,33336.37,292.42,33043.95,BA-EGP-01,XD640322103520350880749600000,Bank Transfer,PB-DEMO-2026-047,REFD53E333F59,Approved,Executed,u.acc1,u.tm,u.to,u.acc2,N,N,SYNTHETIC SAMPLE — NOT SUMED DATA
PAY-DEMO-00055,S022,022-INV-00075,PO-DEMO-00076,01/02/2026,EGP,1683795.66,44310.41,1639485.25,BA-EGP-01,XD362871904250421219984600000,Bank Transfer,PB-DEMO-2026-026,REFD43E31AC58,Approved,Executed,u.acc1,u.fd,u.to,u.acc2,N,N,SYNTHETIC SAMPLE — NOT SUMED DATA
PAY-DEMO-00056,S014,014-INV-00076,PO-DEMO-00077,05/04/2026,EGP,1443468,12662,1430806,BA-EGP-02,XD980389361091113606588900000,Bank Transfer,PB-DEMO-2026-004,REFD73E366557,Approved,Executed,u.acc1,u.fd,u.to,u.acc2,N,N,SYNTHETIC SAMPLE — NOT SUMED DATA
PAY-DEMO-00057,S018,018-INV-00077,PO-DEMO-00078,03/09/2026,EUR,13823.32,0,13823.32,BA-EUR-01,XD420590692519127225831700000,Bank Transfer,PB-DEMO-2026-048,REFD63E34D256,Approved,Executed,u.acc1,u.fd,u.to,u.acc2,N,N,SYNTHETIC SAMPLE — NOT SUMED DATA
PAY-DEMO-00058,S002,002-INV-00078,PO-DEMO-00079,14/01/2026,EGP,255713.58,2243.1,253470.48,BA-EGP-01,XD640322103520350880749600000,Bank Transfer,PB-DEMO-2026-049,REFD93E398B5D,Approved,Executed,u.acc1,u.fd,u.to,u.acc2,N,N,SYNTHETIC SAMPLE — NOT SUMED DATA
PAY-DEMO-00059,S011,011-INV-00079,PO-DEMO-00080,24/05/2026,USD,6086.59,160.17,5926.42,BA-USD-01,XD810439693948117006241200000,Bank Transfer,PB-DEMO-2026-050,REFD83E37F85C,Approved,Executed,u.acc1,u.fd,u.to,u.acc2,N,N,SYNTHETIC SAMPLE — NOT SUMED DATA
PAY-DEMO-00060,S011,011-INV-00080,PO-DEMO-00081,09/08/2026,USD,26016.87,684.65,25332.22,BA-USD-01,XD810439693948117006241200000,Bank Transfer,PB-DEMO-2026-051,REF5F36BDB85B,Approved,Executed,u.acc1,u.fd,u.to,u.acc2,N,N,SYNTHETIC SAMPLE — NOT SUMED DATA
PAY-DEMO-00061,S014,014-INV-00081,PO-DEMO-00082,11/01/2026,EGP,1923163.06,16869.85,1906293.21,BA-EGP-01,XD980389361091113606588900000,Bank Transfer,PB-DEMO-2026-052,REF6036BF4B5C,Approved,Executed,u.acc1,u.fd,u.to,u.acc2,N,N,SYNTHETIC SAMPLE — NOT SUMED DATA
PAY-DEMO-00062,S001,001-INV-00082,PO-DEMO-00083,31/05/2026,USD,3589.45,94.46,3494.99,BA-USD-01,XD530372436377354290718700000,Bank Transfer,PB-DEMO-2026-053,REF6136C0DE59,Approved,Executed,u.acc1,u.fd,u.to,u.acc2,N,N,SYNTHETIC SAMPLE — NOT SUMED DATA
PAY-DEMO-00063,S002,002-INV-00083,PO-DEMO-00084,06/09/2026,EGP,134374.58,1178.72,133195.86,BA-EGP-01,XD640322103520350880749600000,Bank Transfer,PB-DEMO-2026-054,REF6236C2715A,Approved,Executed,u.acc1,u.fd,u.to,u.acc2,N,N,SYNTHETIC SAMPLE — NOT SUMED DATA
PAY-DEMO-00064,S018,018-INV-00085,PO-DEMO-00086,07/09/2026,EUR,1883.52,0,1883.52,BA-EUR-01,XD420590692519127225831700000,Bank Transfer,PB-DEMO-2026-055,REF6336C40457,Approved,Executed,u.acc1,u.fd,u.to,u.acc2,N,N,SYNTHETIC SAMPLE — NOT SUMED DATA
PAY-DEMO-00065,S007,007-INV-00088,PO-DEMO-00089,22/02/2026,EGP,564719.36,14861.04,549858.32,BA-EGP-01,XD710405991615374453280500000,Bank Transfer,PB-DEMO-2026-056,REF6436C59758,Approved,Executed,u.acc1,u.fd,u.to,u.acc2,N,N,SYNTHETIC SAMPLE — NOT SUMED DATA
PAY-DEMO-00066,S003,003-INV-00089,PO-DEMO-00090,27/01/2026,EGP,1392531.84,12215.19,1380316.65,BA-EGP-01,XD730338881139360962030500000,Bank Transfer,PB-DEMO-2026-057,REF6536C72A55,Approved,Executed,u.acc1,u.fd,u.to,u.acc2,N,N,SYNTHETIC SAMPLE — NOT SUMED DATA
PAY-DEMO-00067,S002,002-INV-00090,PO-DEMO-00091,22/01/2026,EGP,315948.55,2771.48,313177.07,BA-EGP-01,XD640322103520350880749600000,Bank Transfer,PB-DEMO-2026-058,REF6636C8BD56,Approved,Executed,u.acc1,u.fd,u.to,u.acc2,N,N,SYNTHETIC SAMPLE — NOT SUMED DATA
PAY-DEMO-00068,S004,004-INV-00091,PO-DEMO-00092,11/01/2026,EGP,768773.04,20230.87,748542.17,BA-EGP-01,XD360422769234357690371000000,Bank Transfer,PB-DEMO-2026-052,REF5736B12063,Approved,Executed,u.acc1,u.fd,u.to,u.acc2,N,N,SYNTHETIC SAMPLE — NOT SUMED DATA
PAY-DEMO-00069,S011,011-INV-00092,PO-DEMO-00093,10/09/2026,USD,19215.18,168.55,19046.63,BA-USD-01,XD810439693948117006241200000,Bank Transfer,PB-DEMO-2026-059,REF5836B2B364,Approved,Executed,u.acc1,u.fd,u.to,u.acc2,N,N,SYNTHETIC SAMPLE — NOT SUMED DATA
PAY-DEMO-00070,S002,002-INV-00093,PO-DEMO-00094,28/12/2025,EGP,826687.96,7251.65,819436.31,BA-EGP-01,XD640322103520350880749600000,Bank Transfer,PB-DEMO-2025-060,REF653905C1E1,Approved,Executed,u.acc1,u.fd,u.to,u.acc2,N,N,SYNTHETIC SAMPLE — NOT SUMED DATA
PAY-DEMO-00071,S007,007-INV-00094,PO-DEMO-00095,12/01/2026,EGP,1395227.58,36716.52,1358511.06,BA-EGP-01,XD710405991615374453280500000,Bank Transfer,PB-DEMO-2026-061,REF6439042EE0,Approved,Executed,u.acc1,u.fd,u.to,u.acc2,N,N,SYNTHETIC SAMPLE — NOT SUMED DATA
PAY-DEMO-00072,S002,002-INV-00095,PO-DEMO-00096,21/06/2026,EGP,814355.56,7143.47,807212.09,BA-EGP-02,XD640322103520350880749600000,Bank Transfer,PB-DEMO-2026-062,REF6339029BE3,Approved,Executed,u.acc1,u.fd,u.to,u.acc2,N,N,SYNTHETIC SAMPLE — NOT SUMED DATA
PAY-DEMO-00073,S002,002-INV-00097,PO-DEMO-00099,19/07/2026,EGP,1080019.87,9473.86,1070546.01,BA-EGP-02,XD640322103520350880749600000,Bank Transfer,PB-DEMO-2026-063,REF62390108E2,Approved,Executed,u.acc1,u.fd,u.to,u.acc2,N,N,SYNTHETIC SAMPLE — NOT SUMED DATA
PAY-DEMO-00074,S015,015-INV-00098,PO-DEMO-00100,10/06/2026,EGP,224418.26,1968.58,222449.68,BA-EGP-02,XD980389361091113606588900000,Bank Transfer,PB-DEMO-2026-064,REF69390C0DE5,Approved,Executed,u.acc1,u.fd,u.to,u.acc2,N,N,SYNTHETIC SAMPLE — NOT SUMED DATA
PAY-DEMO-00075,S008,008-INV-00099,PO-DEMO-00101,04/08/2026,EGP,823897.1,21681.5,802215.6,BA-EGP-01,XD340489879710371181621000000,Bank Transfer,PB-DEMO-2026-065,REF68390A7AE4,Approved,Executed,u.acc1,u.fd,u.to,u.acc2,N,N,SYNTHETIC SAMPLE — NOT SUMED DATA
PAY-DEMO-00076,S011,011-INV-00100,PO-DEMO-00102,26/07/2026,USD,21279.15,559.98,20719.17,BA-USD-01,XD810439693948117006241200000,Bank Transfer,PB-DEMO-2026-066,REF673908E7E7,Approved,Executed,u.acc1,u.fd,u.to,u.acc2,N,N,SYNTHETIC SAMPLE — NOT SUMED DATA
PAY-DEMO-00077,S003,003-INV-00101,PO-DEMO-00103,22/01/2026,EGP,1193351.07,10467.99,1182883.08,BA-EGP-02,XD730338881139360962030500000,Bank Transfer,PB-DEMO-2026-067,REF66390754E6,Approved,Executed,u.acc1,u.fd,u.to,u.acc2,N,N,SYNTHETIC SAMPLE — NOT SUMED DATA
PAY-DEMO-00078,S017,017-INV-00102,PO-DEMO-00104,06/08/2026,EGP,280745.25,7388.03,273357.22,BA-EGP-01,XD100406138710123687869800000,Bank Transfer,PB-DEMO-2026-068,REF5D38F929D9,Approved,Executed,u.acc1,u.fd,u.to,u.acc2,N,N,SYNTHETIC SAMPLE — NOT SUMED DATA
PAY-DEMO-00079,S001,001-INV-00104,PO-DEMO-00106,05/03/2026,USD,917.68,24.15,893.53,BA-USD-01,XD530372436377354290718700000,Bank Transfer,PB-DEMO-2026-069,REF5C38F796D8,Approved,Executed,u.acc1,u.fd,u.to,u.acc2,N,N,SYNTHETIC SAMPLE — NOT SUMED DATA
PAY-DEMO-00080,S010,010-INV-00105,PO-DEMO-00107,19/07/2026,EGP,615947.24,5403.05,610544.19,BA-EGP-02,XD960456471567127097838900000,Bank Transfer,PB-DEMO-2026-063,REFD3316426D8,Approved,Executed,u.acc1,u.fd,u.to,u.acc2,N,N,SYNTHETIC SAMPLE — NOT SUMED DATA
PAY-DEMO-00081,S006,006-INV-00106,PO-DEMO-00108,27/09/2026,EGP,1309090.84,11483.25,1297607.59,BA-EGP-01,XD620389213996364371999600000,Bank Transfer,PB-DEMO-2026-045,REFD43165B9D9,Approved,Executed,u.acc1,u.fd,u.to,u.acc2,N,N,SYNTHETIC SAMPLE — NOT SUMED DATA
PAY-DEMO-00082,S011,011-INV-00107,PO-DEMO-00109,04/05/2026,USD,25055.75,219.79,24835.96,BA-USD-01,XD810439693948117006241200000,Bank Transfer,PB-DEMO-2026-070,REFD1316100DA,Approved,Executed,u.acc1,u.fd,u.to,u.acc2,N,N,SYNTHETIC SAMPLE — NOT SUMED DATA
PAY-DEMO-00083,S003,003-INV-00110,PO-DEMO-00112,01/02/2026,EGP,877968.94,7701.48,870267.46,BA-EGP-01,XD730338881139360962030500000,Bank Transfer,PB-DEMO-2026-026,REFD2316293DB,Approved,Executed,u.acc1,u.fd,u.to,u.acc2,N,N,SYNTHETIC SAMPLE — NOT SUMED DATA
PAY-DEMO-00084,S017,017-INV-00112,PO-DEMO-00114,28/01/2026,EGP,595171.2,5220.8,589950.4,BA-EGP-01,XD100406138710123687869800000,Bank Transfer,PB-DEMO-2026-071,REFD7316A72D4,Approved,Executed,u.acc1,u.fd,u.to,u.acc2,N,N,SYNTHETIC SAMPLE — NOT SUMED DATA
PAY-DEMO-00085,S002,002-INV-00114,PO-DEMO-00116,12/08/2026,EGP,28120.65,246.67,27873.98,BA-EGP-02,XD640322103520350880749600000,Bank Transfer,PB-DEMO-2026-072,REFD8316C05D5,Approved,Executed,u.acc1,u.tm,u.to,u.acc2,N,N,SYNTHETIC SAMPLE — NOT SUMED DATA
PAY-DEMO-00086,S004,004-INV-00115,PO-DEMO-00117,05/05/2026,EGP,2545473.46,66986.14,2478487.32,BA-EGP-01,XD360422769234357690371000000,Bank Transfer,PB-DEMO-2026-073,REFD531674CD6,Approved,Executed,u.acc1,u.fd,u.to,u.acc2,N,N,SYNTHETIC SAMPLE — NOT SUMED DATA
PAY-DEMO-00087,S001,001-INV-00116,PO-DEMO-00118,01/03/2026,USD,34686.32,912.8,33773.52,BA-USD-01,XD530372436377354290718700000,Bank Transfer,PB-DEMO-2026-074,REFD63168DFD7,Approved,Executed,u.acc1,u.fd,u.to,u.acc2,N,N,SYNTHETIC SAMPLE — NOT SUMED DATA
PAY-DEMO-00088,S004,004-INV-00117,PO-DEMO-00119,02/04/2026,EGP,2382133.16,20895.9,2361237.26,BA-EGP-01,XD360422769234357690371000000,Bank Transfer,PB-DEMO-2026-075,REFDB3170BEE0,Approved,Executed,u.acc1,u.fd,u.to,u.acc2,N,N,SYNTHETIC SAMPLE — NOT SUMED DATA
PAY-DEMO-00089,S013,013-INV-00118,PO-DEMO-00120,22/04/2026,EGP,772094.65,6772.76,765321.89,BA-EGP-01,XD610473249186110334929400000,Bank Transfer,PB-DEMO-2026-076,REFDC317251E1,Approved,Executed,u.acc1,u.fd,u.to,u.acc2,N,N,SYNTHETIC SAMPLE — NOT SUMED DATA
PAY-DEMO-00090,S001,001-INV-00120,PO-DEMO-00122,07/01/2026,USD,41237.36,1085.19,40152.17,BA-USD-01,XD530372436377354290718700000,Bank Transfer,PB-DEMO-2026-077,REF593475AF5E,Approved,Executed,u.acc1,u.fd,u.to,u.acc2,N,N,SYNTHETIC SAMPLE — NOT SUMED DATA
PAY-DEMO-00091,S012,012-INV-00121,PO-DEMO-00123,10/08/2026,USD,24367.35,0,24367.35,BA-USD-01,XD700490026805120416210300000,Bank Transfer,PB-DEMO-2026-078,REF5834741C5D,Approved,Executed,u.acc1,u.fd,u.to,u.acc2,N,N,SYNTHETIC SAMPLE — NOT SUMED DATA
PAY-DEMO-00092,S011,011-INV-00122,PO-DEMO-00124,25/03/2026,USD,31215.1,821.45,30393.65,BA-USD-01,XD810439693948117006241200000,Bank Transfer,PB-DEMO-2026-079,REF5B3478D55C,Approved,Executed,u.acc1,u.fd,u.to,u.acc2,N,N,SYNTHETIC SAMPLE — NOT SUMED DATA
PAY-DEMO-00093,S001,001-INV-00123,PO-DEMO-00126,07/12/2025,USD,23665.17,622.77,23042.4,BA-USD-01,XD530372436377354290718700000,Bank Transfer,PB-DEMO-2025-080,REF5A3477425B,Approved,Executed,u.acc1,u.fd,u.to,u.acc2,N,N,SYNTHETIC SAMPLE — NOT SUMED DATA
PAY-DEMO-00094,S004,004-INV-00124,PO-DEMO-00127,15/06/2026,EGP,1240388.45,10880.6,1229507.85,BA-EGP-01,XD360422769234357690371000000,Bank Transfer,PB-DEMO-2026-081,REF55346F635A,Approved,Executed,u.acc1,u.fd,u.to,u.acc2,N,N,SYNTHETIC SAMPLE — NOT SUMED DATA
PAY-DEMO-00095,S002,002-INV-00125,PO-DEMO-00128,20/05/2026,EGP,997362.3,8748.79,988613.51,BA-EGP-01,XD640322103520350880749600000,Bank Transfer,PB-DEMO-2026-082,REF54346DD059,Approved,Executed,u.acc1,u.fd,u.to,u.acc2,N,N,SYNTHETIC SAMPLE — NOT SUMED DATA
PAY-DEMO-00096,S007,007-INV-00126,PO-DEMO-00129,11/02/2026,EGP,1972449.1,51906.56,1920542.54,BA-EGP-02,XD710405991615374453280500000,Bank Transfer,PB-DEMO-2026-083,REF5734728958,Approved,Executed,u.acc1,u.fd,u.to,u.acc2,N,N,SYNTHETIC SAMPLE — NOT SUMED DATA
PAY-DEMO-00097,S009,009-INV-00127,PO-DEMO-00130,29/07/2026,USD,11417,0,11417,BA-USD-01,XD12INVALIDIBAN000,Bank Transfer,PB-DEMO-2026-084,REF563470F657,Approved,Executed,u.acc1,u.fd,u.to,u.acc2,N,N,SYNTHETIC SAMPLE — NOT SUMED DATA
PAY-DEMO-00098,S017,017-INV-00128,PO-DEMO-00131,31/05/2026,EGP,1802996.46,47447.28,1755549.18,BA-EGP-01,XD100406138710123687869800000,Bank Transfer,PB-DEMO-2026-085,REF6134824766,Approved,Executed,u.acc1,u.fd,u.to,u.acc2,N,N,SYNTHETIC SAMPLE — NOT SUMED DATA
PAY-DEMO-00099,S007,007-INV-00129,PO-DEMO-00132,08/02/2026,EGP,1356583.45,35699.56,1320883.89,BA-EGP-01,XD710405991615374453280500000,Bank Transfer,PB-DEMO-2026-086,REF603480B465,Approved,Executed,u.acc1,u.fd,u.to,u.acc2,N,N,SYNTHETIC SAMPLE — NOT SUMED DATA
PAY-DEMO-00100,S007,007-INV-00131,PO-DEMO-00134,20/01/2026,EGP,1012204.43,26636.96,985567.47,BA-EGP-01,XD710405991615374453280500000,Bank Transfer,PB-DEMO-2026-087,REFC2CA84F946,Approved,Executed,u.acc1,u.fd,u.to,u.acc2,N,N,SYNTHETIC SAMPLE — NOT SUMED DATA
PAY-DEMO-00101,S002,002-INV-00133,PO-DEMO-00136,23/03/2026,EGP,2063304.9,18099.17,2045205.73,BA-EGP-01,XD640322103520350880749600000,Bank Transfer,PB-DEMO-2026-088,REFC1CA836645,Approved,Executed,u.acc1,u.fd,u.to,u.acc2,N,N,SYNTHETIC SAMPLE — NOT SUMED DATA
PAY-DEMO-00102,S002,002-INV-00134,PO-DEMO-00137,01/09/2026,EGP,521149.19,4571.48,516577.71,BA-EGP-01,XD640322103520350880749600000,Bank Transfer,PB-DEMO-2026-089,REFC0CA81D348,Approved,Executed,u.acc1,u.fd,u.to,u.acc2,N,N,SYNTHETIC SAMPLE — NOT SUMED DATA
PAY-DEMO-00103,S001,001-INV-00136,PO-DEMO-00139,07/09/2026,USD,12560.36,330.54,12229.82,BA-USD-01,XD171312807930296160810200000,Bank Transfer,PB-DEMO-2026-090,REFBFCA804047,Approved,Executed,u.acc1,u.fd,u.to,u.acc2,N,N,SYNTHETIC SAMPLE — NOT SUMED DATA
PAY-DEMO-00104,S002,002-INV-00137,PO-DEMO-00140,26/01/2026,EGP,631451.27,5539.05,625912.22,BA-EGP-01,XD640322103520350880749600000,Bank Transfer,PB-DEMO-2026-091,REFC6CA8B4542,Approved,Executed,u.acc1,u.fd,u.to,u.acc2,N,N,SYNTHETIC SAMPLE — NOT SUMED DATA
PAY-DEMO-00105,S001,001-INV-00138,PO-DEMO-00141,25/08/2026,USD,27212.39,716.12,26496.27,BA-USD-01,XD530372436377354290718700000,Bank Transfer,PB-DEMO-2026-007,REFC5CA89B241,Approved,Executed,u.acc1,u.fd,u.to,u.acc2,N,N,SYNTHETIC SAMPLE — NOT SUMED DATA
PAY-DEMO-00106,S013,013-INV-00140,PO-DEMO-00143,18/01/2026,EGP,1770470.32,15530.44,1754939.88,BA-EGP-02,XD610473249186110334929400000,Bank Transfer,PB-DEMO-2026-092,REFC4CA881F44,Approved,Executed,u.acc1,u.fd,u.to,u.acc2,N,N,SYNTHETIC SAMPLE — NOT SUMED DATA
PAY-DEMO-00107,S001,001-INV-00141,PO-DEMO-00144,28/07/2026,USD,1831.91,48.21,1783.7,BA-USD-01,XD530372436377354290718700000,Bank Transfer,PB-DEMO-2026-093,REFC3CA868C43,Approved,Executed,u.acc1,u.fd,u.to,u.acc2,N,N,SYNTHETIC SAMPLE — NOT SUMED DATA
PAY-DEMO-00108,S001,001-INV-00142,PO-DEMO-00145,29/06/2026,USD,31635.24,832.51,30802.73,BA-USD-01,XD530372436377354290718700000,Bank Transfer,PB-DEMO-2026-002,REFCACA91914E,Approved,Executed,u.acc1,u.fd,u.to,u.acc2,N,N,SYNTHETIC SAMPLE — NOT SUMED DATA
PAY-DEMO-00109,S011,011-INV-00143,PO-DEMO-00146,17/06/2026,USD,33323.8,876.94,32446.86,BA-USD-01,XD810439693948117006241200000,Bank Transfer,PB-DEMO-2026-094,REFC9CA8FFE4D,Approved,Executed,u.acc1,u.fd,u.to,u.acc2,N,N,SYNTHETIC SAMPLE — NOT SUMED DATA
PAY-DEMO-00110,S002,002-INV-00144,PO-DEMO-00147,01/07/2026,EGP,600355.35,5266.28,595089.07,BA-EGP-01,XD640322103520350880749600000,Bank Transfer,PB-DEMO-2026-095,REFBCC83CF040,Approved,Executed,u.acc1,u.fd,u.to,u.acc2,N,N,SYNTHETIC SAMPLE — NOT SUMED DATA
PAY-DEMO-00111,S004,004-INV-00145,PO-DEMO-00148,18/05/2026,EGP,1406853.21,37022.45,1369830.76,BA-EGP-01,XD360422769234357690371000000,Bank Transfer,PB-DEMO-2026-096,REFBDC83E8341,Approved,Executed,u.acc1,u.fd,u.to,u.acc2,N,N,SYNTHETIC SAMPLE — NOT SUMED DATA
PAY-DEMO-00112,S001,001-INV-00146,PO-DEMO-00149,20/01/2026,USD,48704.08,1281.69,47422.39,BA-USD-01,XD530372436377354290718700000,Bank Transfer,PB-DEMO-2026-097,REFBEC840163E,Approved,Executed,u.acc1,u.fd,u.to,u.acc2,N,N,SYNTHETIC SAMPLE — NOT SUMED DATA
PAY-DEMO-00113,S021,021-INV-00147,PO-DEMO-00150,14/12/2025,GBP,24401.2,0,24401.2,BA-EGP-01,XD522855126631008486164500000,Bank Transfer,PB-DEMO-2025-098,REFBFC841A93F,Approved,Executed,u.acc1,u.fd,u.to,u.acc2,N,N,SYNTHETIC SAMPLE — NOT SUMED DATA
PAY-DEMO-00114,S006,6/inv/00006,PO-DEMO-00006,10/04/2026,EGP,512341.72,4494.23,507847.49,BA-EGP-02,XD620389213996364371999600000,Bank Transfer,,REFD330F226BB,Approved,Executed,u.acc1,u.tm,u.to,u.acc2,N,N,SYNTHETIC SAMPLE — NOT SUMED DATA
PAY-DEMO-00115,S019,19-INV-00001,,25/06/2025,EGP,68400,0,68400,BA-EGP-01,XD330573914900117144550800000,Bank Transfer,,REFHIST0001,Approved,Executed,u.acc1,u.tm,u.to,u.acc2,N,N,SYNTHETIC SAMPLE — NOT SUMED DATA
PAY-DEMO-00116,S008,008-INV-00020,PO-DEMO-00020,16/09/2026,EGP,819349.65,21561.83,797787.82,BA-EGP-01,XD340489879710371181621000000,Bank Transfer,,REFB4A7D5F312,Approved,Executed,u.acc1,u.fd,u.to,u.acc2,N,N,SYNTHETIC SAMPLE — NOT SUMED DATA
PAY-DEMO-00117,S015,15-INV-00077,,30/09/2026,EGP,95760,840,94920,BA-EGP-02,XD980389361091113606588900000,Bank Transfer,,REFSOD00001,Approved,Executed,u.acc1,u.pm,u.to,u.acc2,N,N,SYNTHETIC SAMPLE — NOT SUMED DATA
PAY-DEMO-00118,S020,20-INV-00045,,04/10/2026,EGP,245100,0,245100,BA-EGP-01,XD622838349012427901613200000,Bank Transfer,,,Approved,Executed,u.acc2,u.acc2,u.tm,u.acc2,N,Y,SYNTHETIC SAMPLE — NOT SUMED DATA
PAY-DEMO-00119,S002,002-INV-00109,,05/10/2026,EGP,802247.66,0,802247.66,BA-EGP-01,XD640322103520350880749600000,Bank Transfer,,REFNOAPPR01,Approved,Executed,u.acc1,u.apm,u.to,u.acc2,N,N,SYNTHETIC SAMPLE — NOT SUMED DATA
PAY-DEMO-00120,S013,013-INV-00037,PO-DEMO-00037,09/10/2026,EGP,308217.59,2703.66,305513.93,BA-EGP-01,XD610473249186110334929400000,Bank Transfer,PB-DEMO-2026-099,,Approved,Scheduled,u.acc1,u.tm,,,N,N,SYNTHETIC SAMPLE — NOT SUMED DATA
PAY-DEMO-00121,S004,004-INV-00055,PO-DEMO-00056,09/10/2026,EGP,352988.64,9289.17,343699.47,BA-EGP-01,XD360422769234357690371000000,Bank Transfer,PB-DEMO-2026-099,,Approved,Scheduled,u.acc1,u.tm,,,N,N,SYNTHETIC SAMPLE — NOT SUMED DATA
PAY-DEMO-00122,S006,006-INV-00059,PO-DEMO-00060,09/10/2026,EGP,769671.16,6751.5,762919.66,BA-EGP-01,XD620389213996364371999600000,Bank Transfer,PB-DEMO-2026-099,,Approved,Scheduled,u.acc1,u.tm,,,N,N,SYNTHETIC SAMPLE — NOT SUMED DATA
PAY-DEMO-00123,S004,004-INV-00086,PO-DEMO-00087,09/10/2026,EGP,1475989.85,38841.84,1437148.01,BA-EGP-01,XD360422769234357690371000000,Bank Transfer,PB-DEMO-2026-099,,Approved,Scheduled,u.acc1,u.tm,,,N,N,SYNTHETIC SAMPLE — NOT SUMED DATA