supplier id,period,responsiveness,service reliability,Data Note
S001,2026,85,75,SYNTHETIC SAMPLE — NOT SUMED DATA
S002,2026,72,91,SYNTHETIC SAMPLE — NOT SUMED DATA
S003,2026,85,80,SYNTHETIC SAMPLE — NOT SUMED DATA
S004,2026,85,95,SYNTHETIC SAMPLE — NOT SUMED DATA
S005,2026,86,88,SYNTHETIC SAMPLE — NOT SUMED DATA
S006,2026,90,80,SYNTHETIC SAMPLE — NOT SUMED DATA
S007,2026,64,69,SYNTHETIC SAMPLE — NOT SUMED DATA
S008,2026,96,72,SYNTHETIC SAMPLE — NOT SUMED DATA
S009,2026,72,87,SYNTHETIC SAMPLE — NOT SUMED DATA
S010,2026,52,58,SYNTHETIC SAMPLE — NOT SUMED DATA
S011,2026,83,60,SYNTHETIC SAMPLE — NOT SUMED DATA
S012,2026,86,64,SYNTHETIC SAMPLE — NOT SUMED DATA
S013,2026,41,78,SYNTHETIC SAMPLE — NOT SUMED DATA
S014,2026,83,64,SYNTHETIC SAMPLE — NOT SUMED DATA
S015,2026,93,67,SYNTHETIC SAMPLE — NOT SUMED DATA
S016,2026,57,60,SYNTHETIC SAMPLE — NOT SUMED DATA
S017,2026,72,74,SYNTHETIC SAMPLE — NOT SUMED DATA
S018,2026,66,73,SYNTHETIC SAMPLE — NOT SUMED DATA
S019,2026,64,81,SYNTHETIC SAMPLE — NOT SUMED DATA
S021,2026,88,83,SYNTHETIC SAMPLE — NOT SUMED DATA
S022,2026,72,81,SYNTHETIC SAMPLE — NOT SUMED DATA