period,ap balance,purchases,currency,Data Note
2025-10,0,0,EGP,SYNTHETIC SAMPLE — NOT SUMED DATA
2025-11,5662270,4966903,EGP,SYNTHETIC SAMPLE — NOT SUMED DATA
2025-12,22179948,16242091,EGP,SYNTHETIC SAMPLE — NOT SUMED DATA
2026-01,23839963,19598657,EGP,SYNTHETIC SAMPLE — NOT SUMED DATA
2026-02,17004608,5981616,EGP,SYNTHETIC SAMPLE — NOT SUMED DATA
2026-03,12059738,5557830,EGP,SYNTHETIC SAMPLE — NOT SUMED DATA
2026-04,19950579,14105525,EGP,SYNTHETIC SAMPLE — NOT SUMED DATA
2026-05,17988608,9942130,EGP,SYNTHETIC SAMPLE — NOT SUMED DATA
2026-06,12802975,4559567,EGP,SYNTHETIC SAMPLE — NOT SUMED DATA
2026-07,25781329,18193786,EGP,SYNTHETIC SAMPLE — NOT SUMED DATA
2026-08,28367989,11819033,EGP,SYNTHETIC SAMPLE — NOT SUMED DATA
2026-09,39801877,24017952,EGP,SYNTHETIC SAMPLE — NOT SUMED DATA
2026-10,51067053,10477185,EGP,SYNTHETIC SAMPLE — NOT SUMED DATA