transaction id,account id,value date,debit,credit,amount,reference,description,counterparty iban,Data Note
TXN-DEMO-000001,BA-EUR-01,12/03/2026,11637.6,,-11637.6,REF6445D021E8,Transfer S005,XD450439546853367771651900000,SYNTHETIC SAMPLE — NOT SUMED DATA
TXN-DEMO-000002,BA-USD-01,29/06/2026,3498.32,,-3498.32,REF6145CB68E9,Transfer S012,XD700490026805120416210300000,SYNTHETIC SAMPLE — NOT SUMED DATA
TXN-DEMO-000003,BA-EGP-01,24/05/2026,456500.16,,-456500.16,REF6245CCFBEA,Transfer S014,XD980389361091113606588900000,SYNTHETIC SAMPLE — NOT SUMED DATA
TXN-DEMO-000004,BA-EGP-02,05/04/2026,507847.49,,-507847.49,REF6745D4DAE3,Transfer S006,XD620389213996364371999600000,SYNTHETIC SAMPLE — NOT SUMED DATA
TXN-DEMO-000005,BA-EGP-01,27/05/2026,861314.91,,-861314.91,REF6845D66DE4,Transfer S017,XD100406138710123687869800000,SYNTHETIC SAMPLE — NOT SUMED DATA
TXN-DEMO-000006,BA-USD-01,05/02/2026,53140.52,,-53140.52,REF6545D1B4E5,Transfer S011,XD810439693948117006241200000,SYNTHETIC SAMPLE — NOT SUMED DATA
TXN-DEMO-000008,BA-EGP-01,14/09/2026,5201500,,-5201500,REF5B45C1F6DF,Transfer S022,XD362871904250421219984600000,SYNTHETIC SAMPLE — NOT SUMED DATA
TXN-DEMO-000009,BA-EGP-02,03/05/2026,407990.54,,-407990.54,REF5C45C389E0,Transfer S017,XD100406138710123687869800000,SYNTHETIC SAMPLE — NOT SUMED DATA
TXN-DEMO-000010,BA-EGP-02,15/03/2026,198345.84,,-198345.84,REF69481697ED,Transfer S002,XD640322103520350880749600000,SYNTHETIC SAMPLE — NOT SUMED DATA
TXN-DEMO-000011,BA-USD-01,16/06/2026,18840.7,,-18840.7,REF68481504EC,Transfer S011,XD810439693948117006241200000,SYNTHETIC SAMPLE — NOT SUMED DATA
TXN-DEMO-000012,BA-EGP-02,03/10/2026,802221.17,,-802221.17,REF6B4819BDEB,Transfer S013,XD610473249186110334929400000,SYNTHETIC SAMPLE — NOT SUMED DATA
TXN-DEMO-000013,BA-USD-01,15/02/2026,37971.03,,-37971.03,REF6A48182AEA,Transfer S001,XD530372436377354290718700000,SYNTHETIC SAMPLE — NOT SUMED DATA
TXN-DEMO-000014,BA-USD-01,03/02/2026,2276.82,,-2276.82,REF6548104BE9,Transfer S012,XD700490026805120416210300000,SYNTHETIC SAMPLE — NOT SUMED DATA
TXN-DEMO-000015,BA-USD-01,02/09/2026,15724.65,,-15724.65,REF64480EB8E8,Transfer S001,XD530372436377354290718700000,SYNTHETIC SAMPLE — NOT SUMED DATA
TXN-DEMO-000016,BA-USD-01,16/02/2026,486.51,,-486.51,REF67481371E7,Transfer S012,XD700490026805120416210300000,SYNTHETIC SAMPLE — NOT SUMED DATA
TXN-DEMO-000017,BA-EGP-01,13/09/2026,797787.82,,-797787.82,REF664811DEE6,Transfer S008,XD340489879710371181621000000,SYNTHETIC SAMPLE — NOT SUMED DATA
TXN-DEMO-000018,BA-EGP-01,21/06/2026,1535584.17,,-1535584.17,REF614809FFE5,Transfer S002,XD640322103520350880749600000,SYNTHETIC SAMPLE — NOT SUMED DATA
TXN-DEMO-000019,BA-EUR-01,07/07/2026,31072.56,,-31072.56,REF6048086CE4,Transfer S018,XD420590692519127225831700000,SYNTHETIC SAMPLE — NOT SUMED DATA
TXN-DEMO-000020,BA-EGP-01,06/05/2026,103750.54,,-103750.54,REFD74074FC54,Transfer S003,XD730338881139360962030500000,SYNTHETIC SAMPLE — NOT SUMED DATA
TXN-DEMO-000021,BA-EGP-01,11/08/2026,1213068.45,,-1213068.45,REFD840768F55,Transfer S003,XD730338881139360962030500000,SYNTHETIC SAMPLE — NOT SUMED DATA
TXN-DEMO-000022,BA-EGP-02,28/09/2026,1011929.46,,-1011929.46,REFD940782252,Transfer S007,XD710405991615374453280500000,SYNTHETIC SAMPLE — NOT SUMED DATA
TXN-DEMO-000023,BA-USD-01,08/02/2026,1996.15,,-1996.15,REFDA4079B553,Transfer S012,XD700490026805120416210300000,SYNTHETIC SAMPLE — NOT SUMED DATA
TXN-DEMO-000024,BA-EGP-01,08/03/2026,179379.57,,-179379.57,REFD3406EB058,Transfer S013,XD610473249186110334929400000,SYNTHETIC SAMPLE — NOT SUMED DATA
TXN-DEMO-000025,BA-EGP-01,18/08/2026,2398713.51,,-2398713.51,REFD440704359,Transfer S006,XD620389213996364371999600000,SYNTHETIC SAMPLE — NOT SUMED DATA
TXN-DEMO-000026,BA-USD-01,06/01/2026,28367.93,,-28367.93,REFD54071D656,Transfer S011,XD810439693948117006241200000,SYNTHETIC SAMPLE — NOT SUMED DATA
TXN-DEMO-000027,BA-EGP-01,24/02/2026,1176329.16,,-1176329.16,REFD640736957,Transfer S010,XD960456471567127097838900000,SYNTHETIC SAMPLE — NOT SUMED DATA
TXN-DEMO-000028,BA-EGP-01,12/04/2026,348864.92,,-348864.92,REFDF4081945C,Transfer S002,XD640322103520350880749600000,SYNTHETIC SAMPLE — NOT SUMED DATA
TXN-DEMO-000029,BA-EGP-01,01/02/2026,78481.79,,-78481.79,REFE04083275D,Transfer S002,XD640322103520350880749600000,SYNTHETIC SAMPLE — NOT SUMED DATA
TXN-DEMO-000030,BA-EGP-01,04/01/2026,524687.52,,-524687.52,REFDD42BD055A,Transfer S013,XD610473249186110334929400000,SYNTHETIC SAMPLE — NOT SUMED DATA
TXN-DEMO-000031,BA-EGP-01,07/06/2026,2292869.9,,-2292869.9,REFDC42BB7259,Transfer S006,XD620389213996364371999600000,SYNTHETIC SAMPLE — NOT SUMED DATA
TXN-DEMO-000032,BA-EGP-01,29/09/2026,403544.92,,-403544.92,REFDB42B9DF5C,Transfer S004,XD360422769234357690371000000,SYNTHETIC SAMPLE — NOT SUMED DATA
TXN-DEMO-000033,BA-EGP-02,16/08/2026,164696.26,,-164696.26,REFDA42B84C5B,Transfer S016,XD224048544526145562489800000,SYNTHETIC SAMPLE — NOT SUMED DATA
TXN-DEMO-000034,BA-EGP-01,04/01/2026,404959.37,,-404959.37,REFD942B6B956,Transfer S017,XD100406138710123687869800000,SYNTHETIC SAMPLE — NOT SUMED DATA
TXN-DEMO-000035,BA-USD-01,26/01/2026,33027.05,,-33027.05,REFD842B52655,Transfer S001,XD530372436377354290718700000,SYNTHETIC SAMPLE — NOT SUMED DATA
TXN-DEMO-000036,BA-EGP-02,05/03/2026,1049503.99,,-1049503.99,REFD742B39358,Transfer S004,XD360422769234357690371000000,SYNTHETIC SAMPLE — NOT SUMED DATA
TXN-DEMO-000037,BA-EGP-01,15/02/2026,650177.3,,-650177.3,REFD642B20057,Transfer S016,XD720422916329106924960300000,SYNTHETIC SAMPLE — NOT SUMED DATA
TXN-DEMO-000038,BA-EGP-01,12/03/2026,1359064.2,,-1359064.2,REFE542C99D62,Transfer S002,XD640322103520350880749600000,SYNTHETIC SAMPLE — NOT SUMED DATA
TXN-DEMO-000039,BA-EGP-01,02/02/2026,166198.99,,-166198.99,REFE442C80A61,Transfer S013,XD610473249186110334929400000,SYNTHETIC SAMPLE — NOT SUMED DATA
TXN-DEMO-000040,BA-EGP-01,12/04/2026,2156832.81,,-2156832.81,REF6B3B4DCA4F,Transfer S004,XD360422769234357690371000000,SYNTHETIC SAMPLE — NOT SUMED DATA
TXN-DEMO-000041,BA-USD-01,05/01/2026,20043.41,,-20043.41,REF6C3B4F5D50,Transfer S001,XD530372436377354290718700000,SYNTHETIC SAMPLE — NOT SUMED DATA
TXN-DEMO-000042,BA-EUR-01,06/07/2026,69.68,,-69.68,REF693B4AA451,Transfer S018,XD420590692519127225831700000,SYNTHETIC SAMPLE — NOT SUMED DATA
TXN-DEMO-000043,BA-EGP-01,30/08/2026,533515.43,,-533515.43,REF6A3B4C3752,Transfer S002,XD640322103520350880749600000,SYNTHETIC SAMPLE — NOT SUMED DATA
TXN-DEMO-000044,BA-EGP-01,24/05/2026,641769.51,,-641769.51,REF673B477E53,Transfer S008,XD340489879710371181621000000,SYNTHETIC SAMPLE — NOT SUMED DATA
TXN-DEMO-000045,BA-EGP-01,26/03/2026,1624187.74,,-1624187.74,REF683B491154,Transfer S002,XD640322103520350880749600000,SYNTHETIC SAMPLE — NOT SUMED DATA
TXN-DEMO-000046,BA-EGP-01,10/08/2026,25368.84,,-25368.84,REF653B445855,Transfer S002,XD640322103520350880749600000,SYNTHETIC SAMPLE — NOT SUMED DATA
TXN-DEMO-000047,BA-EGP-01,07/05/2026,888284.09,,-888284.09,REF663B45EB56,Transfer S004,XD360422769234357690371000000,SYNTHETIC SAMPLE — NOT SUMED DATA
TXN-DEMO-000048,BA-EGP-02,16/07/2026,1734686.45,,-1734686.45,REF633B413257,Transfer S017,XD100406138710123687869800000,SYNTHETIC SAMPLE — NOT SUMED DATA
TXN-DEMO-000049,BA-USD-01,01/09/2026,18325.65,,-18325.65,REF643B42C558,Transfer S001,XD530372436377354290718700000,SYNTHETIC SAMPLE — NOT SUMED DATA
TXN-DEMO-000050,BA-USD-01,18/03/2026,17226.12,,-17226.12,REFD13E2CF355,Transfer S001,XD530372436377354290718700000,SYNTHETIC SAMPLE — NOT SUMED DATA
TXN-DEMO-000051,BA-EGP-01,03/05/2026,1133141.73,,-1133141.73,REFD03E2B6054,Transfer S022,XD362871904250421219984600000,SYNTHETIC SAMPLE — NOT SUMED DATA
TXN-DEMO-000052,BA-EGP-01,27/09/2026,710227.11,,-710227.11,REFD33E301953,Transfer S002,XD640322103520350880749600000,SYNTHETIC SAMPLE — NOT SUMED DATA
TXN-DEMO-000053,BA-EGP-02,09/02/2026,399408.62,,-399408.62,REFD23E2E8652,Transfer S017,XD100406138710123687869800000,SYNTHETIC SAMPLE — NOT SUMED DATA
TXN-DEMO-000054,BA-EGP-01,09/03/2026,33043.95,,-33043.95,REFD53E333F59,Transfer S002,XD640322103520350880749600000,SYNTHETIC SAMPLE — NOT SUMED DATA
TXN-DEMO-000055,BA-EGP-01,02/02/2026,1639485.25,,-1639485.25,REFD43E31AC58,Transfer S022,XD362871904250421219984600000,SYNTHETIC SAMPLE — NOT SUMED DATA
TXN-DEMO-000056,BA-EGP-02,05/04/2026,1430806,,-1430806,REFD73E366557,Transfer S014,XD980389361091113606588900000,SYNTHETIC SAMPLE — NOT SUMED DATA
TXN-DEMO-000057,BA-EUR-01,03/09/2026,13823.32,,-13823.32,REFD63E34D256,Transfer S018,XD420590692519127225831700000,SYNTHETIC SAMPLE — NOT SUMED DATA
TXN-DEMO-000058,BA-EGP-01,14/01/2026,253470.48,,-253470.48,REFD93E398B5D,Transfer S002,XD640322103520350880749600000,SYNTHETIC SAMPLE — NOT SUMED DATA
TXN-DEMO-000059,BA-USD-01,24/05/2026,5926.42,,-5926.42,REFD83E37F85C,Transfer S011,XD810439693948117006241200000,SYNTHETIC SAMPLE — NOT SUMED DATA
TXN-DEMO-000060,BA-USD-01,10/08/2026,25332.22,,-25332.22,REF5F36BDB85B,Transfer S011,XD810439693948117006241200000,SYNTHETIC SAMPLE — NOT SUMED DATA
TXN-DEMO-000061,BA-EGP-01,11/01/2026,1906293.21,,-1906293.21,REF6036BF4B5C,Transfer S014,XD980389361091113606588900000,SYNTHETIC SAMPLE — NOT SUMED DATA
TXN-DEMO-000062,BA-USD-01,31/05/2026,3494.99,,-3494.99,REF6136C0DE59,Transfer S001,XD530372436377354290718700000,SYNTHETIC SAMPLE — NOT SUMED DATA
TXN-DEMO-000063,BA-EGP-01,06/09/2026,133195.86,,-133195.86,REF6236C2715A,Transfer S002,XD640322103520350880749600000,SYNTHETIC SAMPLE — NOT SUMED DATA
TXN-DEMO-000064,BA-EUR-01,07/09/2026,1883.52,,-1883.52,REF6336C40457,Transfer S018,XD420590692519127225831700000,SYNTHETIC SAMPLE — NOT SUMED DATA
TXN-DEMO-000065,BA-EGP-01,22/02/2026,549858.32,,-549858.32,REF6436C59758,Transfer S007,XD710405991615374453280500000,SYNTHETIC SAMPLE — NOT SUMED DATA
TXN-DEMO-000066,BA-EGP-01,27/01/2026,1380316.65,,-1380316.65,REF6536C72A55,Transfer S003,XD730338881139360962030500000,SYNTHETIC SAMPLE — NOT SUMED DATA
TXN-DEMO-000067,BA-EGP-01,22/01/2026,313177.07,,-313177.07,REF6636C8BD56,Transfer S002,XD640322103520350880749600000,SYNTHETIC SAMPLE — NOT SUMED DATA
TXN-DEMO-000068,BA-EGP-01,11/01/2026,748542.17,,-748542.17,REF5736B12063,Transfer S004,XD360422769234357690371000000,SYNTHETIC SAMPLE — NOT SUMED DATA
TXN-DEMO-000069,BA-USD-01,10/09/2026,19046.63,,-19046.63,REF5836B2B364,Transfer S011,XD810439693948117006241200000,SYNTHETIC SAMPLE — NOT SUMED DATA
TXN-DEMO-000070,BA-EGP-01,28/12/2025,819436.31,,-819436.31,REF653905C1E1,Transfer S002,XD640322103520350880749600000,SYNTHETIC SAMPLE — NOT SUMED DATA
TXN-DEMO-000071,BA-EGP-01,12/01/2026,1358511.06,,-1358511.06,REF6439042EE0,Transfer S007,XD710405991615374453280500000,SYNTHETIC SAMPLE — NOT SUMED DATA
TXN-DEMO-000072,BA-EGP-02,21/06/2026,807212.09,,-807212.09,REF6339029BE3,Transfer S002,XD640322103520350880749600000,SYNTHETIC SAMPLE — NOT SUMED DATA
TXN-DEMO-000073,BA-EGP-02,19/07/2026,1070546.01,,-1070546.01,REF62390108E2,Transfer S002,XD640322103520350880749600000,SYNTHETIC SAMPLE — NOT SUMED DATA
TXN-DEMO-000074,BA-EGP-02,10/06/2026,222449.68,,-222449.68,REF69390C0DE5,Transfer S015,XD980389361091113606588900000,SYNTHETIC SAMPLE — NOT SUMED DATA
TXN-DEMO-000075,BA-EGP-01,04/08/2026,802215.6,,-802215.6,REF68390A7AE4,Transfer S008,XD340489879710371181621000000,SYNTHETIC SAMPLE — NOT SUMED DATA
TXN-DEMO-000076,BA-USD-01,26/07/2026,20719.17,,-20719.17,REF673908E7E7,Transfer S011,XD810439693948117006241200000,SYNTHETIC SAMPLE — NOT SUMED DATA
TXN-DEMO-000077,BA-EGP-02,22/01/2026,1182883.08,,-1182883.08,REF66390754E6,Transfer S003,XD730338881139360962030500000,SYNTHETIC SAMPLE — NOT SUMED DATA
TXN-DEMO-000078,BA-EGP-01,06/08/2026,273357.22,,-273357.22,REF5D38F929D9,Transfer S017,XD100406138710123687869800000,SYNTHETIC SAMPLE — NOT SUMED DATA
TXN-DEMO-000079,BA-USD-01,05/03/2026,893.53,,-893.53,REF5C38F796D8,Transfer S001,XD530372436377354290718700000,SYNTHETIC SAMPLE — NOT SUMED DATA
TXN-DEMO-000080,BA-EGP-02,19/07/2026,610544.19,,-610544.19,REFD3316426D8,Transfer S010,XD960456471567127097838900000,SYNTHETIC SAMPLE — NOT SUMED DATA
TXN-DEMO-000081,BA-EGP-01,27/09/2026,1297607.59,,-1297607.59,REFD43165B9D9,Transfer S006,XD620389213996364371999600000,SYNTHETIC SAMPLE — NOT SUMED DATA
TXN-DEMO-000082,BA-USD-01,05/05/2026,24835.96,,-24835.96,REFD1316100DA,Transfer S011,XD810439693948117006241200000,SYNTHETIC SAMPLE — NOT SUMED DATA
TXN-DEMO-000083,BA-EGP-01,01/02/2026,870267.46,,-870267.46,REFD2316293DB,Transfer S003,XD730338881139360962030500000,SYNTHETIC SAMPLE — NOT SUMED DATA
TXN-DEMO-000084,BA-EGP-01,28/01/2026,589950.4,,-589950.4,REFD7316A72D4,Transfer S017,XD100406138710123687869800000,SYNTHETIC SAMPLE — NOT SUMED DATA
TXN-DEMO-000085,BA-EGP-02,12/08/2026,27873.98,,-27873.98,REFD8316C05D5,Transfer S002,XD640322103520350880749600000,SYNTHETIC SAMPLE — NOT SUMED DATA
TXN-DEMO-000086,BA-EGP-01,05/05/2026,2478487.32,,-2478487.32,REFD531674CD6,Transfer S004,XD360422769234357690371000000,SYNTHETIC SAMPLE — NOT SUMED DATA
TXN-DEMO-000087,BA-USD-01,01/03/2026,33773.52,,-33773.52,REFD63168DFD7,Transfer S001,XD530372436377354290718700000,SYNTHETIC SAMPLE — NOT SUMED DATA
TXN-DEMO-000088,BA-EGP-01,02/04/2026,2361237.26,,-2361237.26,REFDB3170BEE0,Transfer S004,XD360422769234357690371000000,SYNTHETIC SAMPLE — NOT SUMED DATA
TXN-DEMO-000089,BA-EGP-01,23/04/2026,765321.89,,-765321.89,REFDC317251E1,Transfer S013,XD610473249186110334929400000,SYNTHETIC SAMPLE — NOT SUMED DATA
TXN-DEMO-000090,BA-USD-01,07/01/2026,40152.17,,-40152.17,REF593475AF5E,Transfer S001,XD530372436377354290718700000,SYNTHETIC SAMPLE — NOT SUMED DATA
TXN-DEMO-000091,BA-USD-01,11/08/2026,24367.35,,-24367.35,REF5834741C5D,Transfer S012,XD700490026805120416210300000,SYNTHETIC SAMPLE — NOT SUMED DATA
TXN-DEMO-000092,BA-USD-01,26/03/2026,30393.65,,-30393.65,REF5B3478D55C,Transfer S011,XD810439693948117006241200000,SYNTHETIC SAMPLE — NOT SUMED DATA
TXN-DEMO-000093,BA-USD-01,07/12/2025,23042.4,,-23042.4,REF5A3477425B,Transfer S001,XD530372436377354290718700000,SYNTHETIC SAMPLE — NOT SUMED DATA
TXN-DEMO-000094,BA-EGP-01,16/06/2026,1229507.85,,-1229507.85,REF55346F635A,Transfer S004,XD360422769234357690371000000,SYNTHETIC SAMPLE — NOT SUMED DATA
TXN-DEMO-000095,BA-EGP-01,20/05/2026,988613.51,,-988613.51,REF54346DD059,Transfer S002,XD640322103520350880749600000,SYNTHETIC SAMPLE — NOT SUMED DATA
TXN-DEMO-000096,BA-EGP-02,11/02/2026,1920542.54,,-1920542.54,REF5734728958,Transfer S007,XD710405991615374453280500000,SYNTHETIC SAMPLE — NOT SUMED DATA
TXN-DEMO-000097,BA-USD-01,30/07/2026,11417,,-11417,REF563470F657,Transfer S009,XD12INVALIDIBAN000,SYNTHETIC SAMPLE — NOT SUMED DATA
TXN-DEMO-000098,BA-EGP-01,31/05/2026,1755549.18,,-1755549.18,REF6134824766,Transfer S017,XD100406138710123687869800000,SYNTHETIC SAMPLE — NOT SUMED DATA
TXN-DEMO-000099,BA-EGP-01,08/02/2026,1320883.89,,-1320883.89,REF603480B465,Transfer S007,XD710405991615374453280500000,SYNTHETIC SAMPLE — NOT SUMED DATA
TXN-DEMO-000100,BA-EGP-01,20/01/2026,985567.47,,-985567.47,REFC2CA84F946,Transfer S007,XD710405991615374453280500000,SYNTHETIC SAMPLE — NOT SUMED DATA
TXN-DEMO-000101,BA-EGP-01,23/03/2026,2045205.73,,-2045205.73,REFC1CA836645,Transfer S002,XD640322103520350880749600000,SYNTHETIC SAMPLE — NOT SUMED DATA
TXN-DEMO-000102,BA-EGP-01,01/09/2026,516577.71,,-516577.71,REFC0CA81D348,Transfer S002,XD640322103520350880749600000,SYNTHETIC SAMPLE — NOT SUMED DATA
TXN-DEMO-000103,BA-USD-01,07/09/2026,12229.82,,-12229.82,REFBFCA804047,Transfer S001,XD171312807930296160810200000,SYNTHETIC SAMPLE — NOT SUMED DATA
TXN-DEMO-000104,BA-EGP-01,26/01/2026,625912.22,,-625912.22,REFC6CA8B4542,Transfer S002,XD640322103520350880749600000,SYNTHETIC SAMPLE — NOT SUMED DATA
TXN-DEMO-000105,BA-USD-01,25/08/2026,26496.27,,-26496.27,REFC5CA89B241,Transfer S001,XD530372436377354290718700000,SYNTHETIC SAMPLE — NOT SUMED DATA
TXN-DEMO-000106,BA-EGP-02,18/01/2026,1754939.88,,-1754939.88,REFC4CA881F44,Transfer S013,XD610473249186110334929400000,SYNTHETIC SAMPLE — NOT SUMED DATA
TXN-DEMO-000107,BA-USD-01,28/07/2026,1783.7,,-1783.7,REFC3CA868C43,Transfer S001,XD530372436377354290718700000,SYNTHETIC SAMPLE — NOT SUMED DATA
TXN-DEMO-000108,BA-USD-01,29/06/2026,30802.73,,-30802.73,REFCACA91914E,Transfer S001,XD530372436377354290718700000,SYNTHETIC SAMPLE — NOT SUMED DATA
TXN-DEMO-000109,BA-USD-01,17/06/2026,32446.86,,-32446.86,REFC9CA8FFE4D,Transfer S011,XD810439693948117006241200000,SYNTHETIC SAMPLE — NOT SUMED DATA
TXN-DEMO-000110,BA-EGP-01,01/07/2026,595089.07,,-595089.07,REFBCC83CF040,Transfer S002,XD640322103520350880749600000,SYNTHETIC SAMPLE — NOT SUMED DATA
TXN-DEMO-000111,BA-EGP-01,18/05/2026,1369830.76,,-1369830.76,REFBDC83E8341,Transfer S004,XD360422769234357690371000000,SYNTHETIC SAMPLE — NOT SUMED DATA
TXN-DEMO-000112,BA-USD-01,20/01/2026,47422.39,,-47422.39,REFBEC840163E,Transfer S001,XD530372436377354290718700000,SYNTHETIC SAMPLE — NOT SUMED DATA
TXN-DEMO-000113,BA-EGP-01,14/12/2025,24401.2,,-24401.2,REFBFC841A93F,Transfer S021,XD522855126631008486164500000,SYNTHETIC SAMPLE — NOT SUMED DATA
TXN-DEMO-000114,BA-EGP-02,10/04/2026,507847.49,,-507847.49,REFD330F226BB,Transfer S006,XD620389213996364371999600000,SYNTHETIC SAMPLE — NOT SUMED DATA
TXN-DEMO-000115,BA-EGP-01,26/06/2025,68400,,-68400,REFHIST0001,Transfer S019,XD330573914900117144550800000,SYNTHETIC SAMPLE — NOT SUMED DATA
TXN-DEMO-000116,BA-EGP-01,16/09/2026,797787.82,,-797787.82,REFB4A7D5F312,Transfer S008,XD340489879710371181621000000,SYNTHETIC SAMPLE — NOT SUMED DATA
TXN-DEMO-000117,BA-EGP-02,30/09/2026,94920,,-94920,REFSOD00001,Transfer S015,XD980389361091113606588900000,SYNTHETIC SAMPLE — NOT SUMED DATA
TXN-DEMO-000118,BA-EGP-01,04/10/2026,245100,,-245100,NOREF-117,Manual transfer,XD622838349012427901613200000,SYNTHETIC SAMPLE — NOT SUMED DATA
TXN-DEMO-000119,BA-EGP-01,05/10/2026,802247.66,,-802247.66,REFNOAPPR01,Transfer S002,XD640322103520350880749600000,SYNTHETIC SAMPLE — NOT SUMED DATA
TXN-DEMO-000120,BA-USD-01,02/09/2026,,15724.65,15724.65,REF64480EB8E8,REVERSAL REF64480EB8E8,XD530372436377354290718700000,SYNTHETIC SAMPLE — NOT SUMED DATA
TXN-DEMO-000121,BA-EGP-01,25/09/2026,387500,,-387500,UNKNOWN-7731,Outgoing transfer — no payment record,XD362608177081206638203500000,SYNTHETIC SAMPLE — NOT SUMED DATA