date,currency,amount,description,Data Note
25/10/2026,EGP,96000000,Payroll (DEMO),SYNTHETIC SAMPLE — NOT SUMED DATA
15/10/2026,USD,1800000,Loan service (DEMO),SYNTHETIC SAMPLE — NOT SUMED DATA
25/11/2026,EGP,96000000,Payroll (DEMO),SYNTHETIC SAMPLE — NOT SUMED DATA
15/11/2026,USD,1800000,Loan service (DEMO),SYNTHETIC SAMPLE — NOT SUMED DATA
25/12/2026,EGP,96000000,Payroll (DEMO),SYNTHETIC SAMPLE — NOT SUMED DATA
15/12/2026,USD,1800000,Loan service (DEMO),SYNTHETIC SAMPLE — NOT SUMED DATA
25/01/2027,EGP,96000000,Payroll (DEMO),SYNTHETIC SAMPLE — NOT SUMED DATA
15/01/2027,USD,1800000,Loan service (DEMO),SYNTHETIC SAMPLE — NOT SUMED DATA
25/02/2027,EGP,96000000,Payroll (DEMO),SYNTHETIC SAMPLE — NOT SUMED DATA
15/02/2027,USD,1800000,Loan service (DEMO),SYNTHETIC SAMPLE — NOT SUMED DATA
25/03/2027,EGP,96000000,Payroll (DEMO),SYNTHETIC SAMPLE — NOT SUMED DATA
15/03/2027,USD,1800000,Loan service (DEMO),SYNTHETIC SAMPLE — NOT SUMED DATA
25/04/2027,EGP,96000000,Payroll (DEMO),SYNTHETIC SAMPLE — NOT SUMED DATA
15/04/2027,USD,1800000,Loan service (DEMO),SYNTHETIC SAMPLE — NOT SUMED DATA
25/05/2027,EGP,96000000,Payroll (DEMO),SYNTHETIC SAMPLE — NOT SUMED DATA
15/05/2027,USD,1800000,Loan service (DEMO),SYNTHETIC SAMPLE — NOT SUMED DATA
25/06/2027,EGP,96000000,Payroll (DEMO),SYNTHETIC SAMPLE — NOT SUMED DATA
15/06/2027,USD,1800000,Loan service (DEMO),SYNTHETIC SAMPLE — NOT SUMED DATA
25/07/2027,EGP,96000000,Payroll (DEMO),SYNTHETIC SAMPLE — NOT SUMED DATA
15/07/2027,USD,1800000,Loan service (DEMO),SYNTHETIC SAMPLE — NOT SUMED DATA
25/08/2027,EGP,96000000,Payroll (DEMO),SYNTHETIC SAMPLE — NOT SUMED DATA
15/08/2027,USD,1800000,Loan service (DEMO),SYNTHETIC SAMPLE — NOT SUMED DATA
25/09/2027,EGP,96000000,Payroll (DEMO),SYNTHETIC SAMPLE — NOT SUMED DATA
15/09/2027,USD,1800000,Loan service (DEMO),SYNTHETIC SAMPLE — NOT SUMED DATA