supplier id,document type,document no,issue date,expiry date,status,Data Note
S001,Commercial Registration,DOC-S001-0,01/09/2025,05/02/2027,Received,SYNTHETIC SAMPLE — NOT SUMED DATA
S001,Tax Card,DOC-S001-1,01/09/2025,13/06/2027,Received,SYNTHETIC SAMPLE — NOT SUMED DATA
S001,VAT Certificate,DOC-S001-2,01/09/2025,,Received,SYNTHETIC SAMPLE — NOT SUMED DATA
S001,Bank Certificate,DOC-S001-3,01/09/2025,,Received,SYNTHETIC SAMPLE — NOT SUMED DATA
S001,IBAN Confirmation,DOC-S001-4,01/09/2025,,Received,SYNTHETIC SAMPLE — NOT SUMED DATA
S001,Contract,DOC-S001-5,01/09/2025,,Received,SYNTHETIC SAMPLE — NOT SUMED DATA
S001,Insurance,DOC-S001-6,01/09/2025,26/01/2028,Received,SYNTHETIC SAMPLE — NOT SUMED DATA
S001,Certifications,DOC-S001-7,01/09/2025,17/03/2028,Received,SYNTHETIC SAMPLE — NOT SUMED DATA
S001,Beneficial Ownership,DOC-S001-8,01/09/2025,,Received,SYNTHETIC SAMPLE — NOT SUMED DATA
S001,Compliance Declaration,DOC-S001-9,01/09/2025,,Received,SYNTHETIC SAMPLE — NOT SUMED DATA
S002,Commercial Registration,DOC-S002-0,01/09/2025,30/01/2028,Received,SYNTHETIC SAMPLE — NOT SUMED DATA
S002,Tax Card,DOC-S002-1,01/09/2025,30/09/2027,Received,SYNTHETIC SAMPLE — NOT SUMED DATA
S002,VAT Certificate,DOC-S002-2,01/09/2025,,Received,SYNTHETIC SAMPLE — NOT SUMED DATA
S002,Bank Certificate,DOC-S002-3,01/09/2025,,Received,SYNTHETIC SAMPLE — NOT SUMED DATA
S002,IBAN Confirmation,DOC-S002-4,01/09/2025,,Received,SYNTHETIC SAMPLE — NOT SUMED DATA
S002,Contract,DOC-S002-5,01/09/2025,,Received,SYNTHETIC SAMPLE — NOT SUMED DATA
S002,Insurance,DOC-S002-6,01/09/2025,04/11/2027,Received,SYNTHETIC SAMPLE — NOT SUMED DATA
S002,Certifications,DOC-S002-7,01/09/2025,08/06/2027,Received,SYNTHETIC SAMPLE — NOT SUMED DATA
S002,Beneficial Ownership,DOC-S002-8,01/09/2025,,Received,SYNTHETIC SAMPLE — NOT SUMED DATA
S002,Compliance Declaration,DOC-S002-9,01/09/2025,,Received,SYNTHETIC SAMPLE — NOT SUMED DATA
S003,Commercial Registration,DOC-S003-0,01/09/2025,13/01/2028,Received,SYNTHETIC SAMPLE — NOT SUMED DATA
S003,Tax Card,DOC-S003-1,01/09/2025,10/01/2027,Received,SYNTHETIC SAMPLE — NOT SUMED DATA
S003,VAT Certificate,DOC-S003-2,01/09/2025,,Received,SYNTHETIC SAMPLE — NOT SUMED DATA
S003,Bank Certificate,DOC-S003-3,01/09/2025,,Received,SYNTHETIC SAMPLE — NOT SUMED DATA
S003,IBAN Confirmation,DOC-S003-4,01/09/2025,,Received,SYNTHETIC SAMPLE — NOT SUMED DATA
S003,Contract,DOC-S003-5,01/09/2025,,Received,SYNTHETIC SAMPLE — NOT SUMED DATA
S003,Insurance,DOC-S003-6,01/09/2025,06/02/2027,Received,SYNTHETIC SAMPLE — NOT SUMED DATA
S003,Certifications,DOC-S003-7,01/09/2025,27/07/2027,Received,SYNTHETIC SAMPLE — NOT SUMED DATA
S003,Beneficial Ownership,DOC-S003-8,01/09/2025,,Received,SYNTHETIC SAMPLE — NOT SUMED DATA
S003,Compliance Declaration,DOC-S003-9,01/09/2025,,Received,SYNTHETIC SAMPLE — NOT SUMED DATA
S004,Commercial Registration,DOC-S004-0,01/09/2025,04/01/2028,Received,SYNTHETIC SAMPLE — NOT SUMED DATA
S004,Tax Card,DOC-S004-1,01/09/2025,22/12/2026,Received,SYNTHETIC SAMPLE — NOT SUMED DATA
S004,VAT Certificate,DOC-S004-2,01/09/2025,,Received,SYNTHETIC SAMPLE — NOT SUMED DATA
S004,Bank Certificate,DOC-S004-3,01/09/2025,,Received,SYNTHETIC SAMPLE — NOT SUMED DATA
S004,IBAN Confirmation,DOC-S004-4,01/09/2025,,Received,SYNTHETIC SAMPLE — NOT SUMED DATA
S004,Contract,DOC-S004-5,01/09/2025,,Received,SYNTHETIC SAMPLE — NOT SUMED DATA
S004,Insurance,DOC-S004-6,01/09/2025,19/02/2027,Received,SYNTHETIC SAMPLE — NOT SUMED DATA
S004,Certifications,DOC-S004-7,01/09/2025,14/11/2026,Received,SYNTHETIC SAMPLE — NOT SUMED DATA
S004,Beneficial Ownership,DOC-S004-8,01/09/2025,,Received,SYNTHETIC SAMPLE — NOT SUMED DATA
S004,Compliance Declaration,DOC-S004-9,01/09/2025,,Received,SYNTHETIC SAMPLE — NOT SUMED DATA
S005,Commercial Registration,DOC-S005-0,01/09/2025,25/06/2027,Received,SYNTHETIC SAMPLE — NOT SUMED DATA
S005,Tax Card,DOC-S005-1,01/09/2025,09/11/2026,Received,SYNTHETIC SAMPLE — NOT SUMED DATA
S005,VAT Certificate,DOC-S005-2,01/09/2025,,Received,SYNTHETIC SAMPLE — NOT SUMED DATA
S005,Bank Certificate,DOC-S005-3,01/09/2025,,Received,SYNTHETIC SAMPLE — NOT SUMED DATA
S005,IBAN Confirmation,DOC-S005-4,01/09/2025,,Received,SYNTHETIC SAMPLE — NOT SUMED DATA
S005,Contract,DOC-S005-5,01/09/2025,,Received,SYNTHETIC SAMPLE — NOT SUMED DATA
S005,Insurance,DOC-S005-6,01/09/2025,02/07/2027,Received,SYNTHETIC SAMPLE — NOT SUMED DATA
S005,Certifications,DOC-S005-7,01/09/2025,15/03/2027,Received,SYNTHETIC SAMPLE — NOT SUMED DATA
S005,Beneficial Ownership,DOC-S005-8,01/09/2025,,Received,SYNTHETIC SAMPLE — NOT SUMED DATA
S005,Compliance Declaration,DOC-S005-9,01/09/2025,,Received,SYNTHETIC SAMPLE — NOT SUMED DATA
S006,Commercial Registration,DOC-S006-0,01/09/2025,08/11/2026,Received,SYNTHETIC SAMPLE — NOT SUMED DATA
S006,Tax Card,DOC-S006-1,01/09/2025,24/10/2026,Received,SYNTHETIC SAMPLE — NOT SUMED DATA
S006,VAT Certificate,DOC-S006-2,01/09/2025,,Received,SYNTHETIC SAMPLE — NOT SUMED DATA
S006,Bank Certificate,DOC-S006-3,01/09/2025,,Received,SYNTHETIC SAMPLE — NOT SUMED DATA
S006,IBAN Confirmation,DOC-S006-4,01/09/2025,,Received,SYNTHETIC SAMPLE — NOT SUMED DATA
S006,Contract,DOC-S006-5,01/09/2025,,Received,SYNTHETIC SAMPLE — NOT SUMED DATA
S006,Insurance,DOC-S006-6,01/09/2025,09/09/2027,Received,SYNTHETIC SAMPLE — NOT SUMED DATA
S006,Certifications,DOC-S006-7,01/09/2025,18/01/2028,Received,SYNTHETIC SAMPLE — NOT SUMED DATA
S006,Beneficial Ownership,DOC-S006-8,01/09/2025,,Received,SYNTHETIC SAMPLE — NOT SUMED DATA
S006,Compliance Declaration,DOC-S006-9,01/09/2025,,Received,SYNTHETIC SAMPLE — NOT SUMED DATA
S007,Commercial Registration,DOC-S007-0,01/09/2025,28/04/2027,Received,SYNTHETIC SAMPLE — NOT SUMED DATA
S007,Tax Card,DOC-S007-1,01/09/2025,30/05/2027,Received,SYNTHETIC SAMPLE — NOT SUMED DATA
S007,VAT Certificate,DOC-S007-2,01/09/2025,,Received,SYNTHETIC SAMPLE — NOT SUMED DATA
S007,Bank Certificate,DOC-S007-3,01/09/2025,,Received,SYNTHETIC SAMPLE — NOT SUMED DATA
S007,IBAN Confirmation,DOC-S007-4,01/09/2025,,Received,SYNTHETIC SAMPLE — NOT SUMED DATA
S007,Contract,DOC-S007-5,01/09/2025,,Received,SYNTHETIC SAMPLE — NOT SUMED DATA
S007,Insurance,DOC-S007-6,01/09/2025,07/12/2027,Received,SYNTHETIC SAMPLE — NOT SUMED DATA
S007,Certifications,DOC-S007-7,01/09/2025,23/07/2027,Received,SYNTHETIC SAMPLE — NOT SUMED DATA
S007,Beneficial Ownership,DOC-S007-8,01/09/2025,,Received,SYNTHETIC SAMPLE — NOT SUMED DATA
S007,Compliance Declaration,DOC-S007-9,01/09/2025,,Received,SYNTHETIC SAMPLE — NOT SUMED DATA
S008,Commercial Registration,DOC-S008-0,01/09/2025,26/06/2027,Received,SYNTHETIC SAMPLE — NOT SUMED DATA
S008,Tax Card,DOC-S008-1,01/09/2025,11/01/2027,Received,SYNTHETIC SAMPLE — NOT SUMED DATA
S008,VAT Certificate,DOC-S008-2,01/09/2025,,Received,SYNTHETIC SAMPLE — NOT SUMED DATA
S008,Bank Certificate,DOC-S008-3,01/09/2025,,Received,SYNTHETIC SAMPLE — NOT SUMED DATA
S008,IBAN Confirmation,DOC-S008-4,01/09/2025,,Received,SYNTHETIC SAMPLE — NOT SUMED DATA
S008,Contract,DOC-S008-5,01/09/2025,,Received,SYNTHETIC SAMPLE — NOT SUMED DATA
S008,Insurance,DOC-S008-6,01/09/2025,11/06/2027,Received,SYNTHETIC SAMPLE — NOT SUMED DATA
S008,Certifications,DOC-S008-7,01/09/2025,31/12/2027,Received,SYNTHETIC SAMPLE — NOT SUMED DATA
S008,Beneficial Ownership,DOC-S008-8,01/09/2025,,Received,SYNTHETIC SAMPLE — NOT SUMED DATA
S008,Compliance Declaration,DOC-S008-9,01/09/2025,,Received,SYNTHETIC SAMPLE — NOT SUMED DATA
S009,Commercial Registration,DOC-S009-0,01/09/2025,03/12/2026,Received,SYNTHETIC SAMPLE — NOT SUMED DATA
S009,Tax Card,DOC-S009-1,01/09/2025,28/01/2027,Received,SYNTHETIC SAMPLE — NOT SUMED DATA
S009,VAT Certificate,DOC-S009-2,01/09/2025,,Received,SYNTHETIC SAMPLE — NOT SUMED DATA
S009,Bank Certificate,DOC-S009-3,01/09/2025,,Received,SYNTHETIC SAMPLE — NOT SUMED DATA
S009,IBAN Confirmation,DOC-S009-4,01/09/2025,,Received,SYNTHETIC SAMPLE — NOT SUMED DATA
S009,Contract,DOC-S009-5,01/09/2025,,Received,SYNTHETIC SAMPLE — NOT SUMED DATA
S009,Insurance,DOC-S009-6,01/09/2025,07/02/2028,Received,SYNTHETIC SAMPLE — NOT SUMED DATA
S009,Certifications,DOC-S009-7,01/09/2025,22/01/2027,Received,SYNTHETIC SAMPLE — NOT SUMED DATA
S009,Beneficial Ownership,DOC-S009-8,01/09/2025,,Received,SYNTHETIC SAMPLE — NOT SUMED DATA
S009,Compliance Declaration,DOC-S009-9,01/09/2025,,Received,SYNTHETIC SAMPLE — NOT SUMED DATA
S010,Commercial Registration,DOC-S010-0,01/09/2025,06/01/2027,Received,SYNTHETIC SAMPLE — NOT SUMED DATA
S010,Tax Card,DOC-S010-1,01/09/2025,12/04/2027,Received,SYNTHETIC SAMPLE — NOT SUMED DATA
S010,VAT Certificate,DOC-S010-2,01/09/2025,,Received,SYNTHETIC SAMPLE — NOT SUMED DATA
S010,Bank Certificate,DOC-S010-3,01/09/2025,,Received,SYNTHETIC SAMPLE — NOT SUMED DATA
S010,IBAN Confirmation,DOC-S010-4,01/09/2025,,Received,SYNTHETIC SAMPLE — NOT SUMED DATA
S010,Contract,DOC-S010-5,01/09/2025,,Received,SYNTHETIC SAMPLE — NOT SUMED DATA
S010,Insurance,DOC-S010-6,01/09/2025,29/01/2027,Received,SYNTHETIC SAMPLE — NOT SUMED DATA
S010,Certifications,DOC-S010-7,01/09/2025,23/10/2027,Received,SYNTHETIC SAMPLE — NOT SUMED DATA
S010,Beneficial Ownership,DOC-S010-8,01/09/2025,,Received,SYNTHETIC SAMPLE — NOT SUMED DATA
S010,Compliance Declaration,DOC-S010-9,01/09/2025,,Received,SYNTHETIC SAMPLE — NOT SUMED DATA
S011,Commercial Registration,DOC-S011-0,01/09/2025,14/07/2027,Received,SYNTHETIC SAMPLE — NOT SUMED DATA
S011,Tax Card,DOC-S011-1,01/09/2025,23/12/2027,Received,SYNTHETIC SAMPLE — NOT SUMED DATA
S011,VAT Certificate,DOC-S011-2,01/09/2025,,Received,SYNTHETIC SAMPLE — NOT SUMED DATA
S011,Bank Certificate,DOC-S011-3,01/09/2025,,Received,SYNTHETIC SAMPLE — NOT SUMED DATA
S011,IBAN Confirmation,DOC-S011-4,01/09/2025,,Received,SYNTHETIC SAMPLE — NOT SUMED DATA
S011,Contract,DOC-S011-5,01/09/2025,,Received,SYNTHETIC SAMPLE — NOT SUMED DATA
S011,Insurance,DOC-S011-6,01/09/2025,30/04/2027,Received,SYNTHETIC SAMPLE — NOT SUMED DATA
S011,Certifications,DOC-S011-7,01/09/2025,08/03/2027,Received,SYNTHETIC SAMPLE — NOT SUMED DATA
S011,Beneficial Ownership,DOC-S011-8,01/09/2025,,Received,SYNTHETIC SAMPLE — NOT SUMED DATA
S011,Compliance Declaration,DOC-S011-9,01/09/2025,,Received,SYNTHETIC SAMPLE — NOT SUMED DATA
S012,Commercial Registration,DOC-S012-0,01/09/2025,01/02/2027,Received,SYNTHETIC SAMPLE — NOT SUMED DATA
S012,Tax Card,DOC-S012-1,01/09/2025,05/09/2027,Received,SYNTHETIC SAMPLE — NOT SUMED DATA
S012,VAT Certificate,DOC-S012-2,01/09/2025,,Received,SYNTHETIC SAMPLE — NOT SUMED DATA
S012,Bank Certificate,DOC-S012-3,01/09/2025,,Received,SYNTHETIC SAMPLE — NOT SUMED DATA
S012,IBAN Confirmation,DOC-S012-4,01/09/2025,,Received,SYNTHETIC SAMPLE — NOT SUMED DATA
S012,Contract,DOC-S012-5,01/09/2025,,Received,SYNTHETIC SAMPLE — NOT SUMED DATA
S012,Insurance,DOC-S012-6,01/09/2025,24/09/2026,Received,SYNTHETIC SAMPLE — NOT SUMED DATA
S012,Certifications,DOC-S012-7,01/09/2025,15/09/2027,Received,SYNTHETIC SAMPLE — NOT SUMED DATA
S012,Beneficial Ownership,DOC-S012-8,01/09/2025,,Received,SYNTHETIC SAMPLE — NOT SUMED DATA
S012,Compliance Declaration,DOC-S012-9,01/09/2025,,Received,SYNTHETIC SAMPLE — NOT SUMED DATA
S013,Commercial Registration,DOC-S013-0,01/09/2025,22/11/2026,Received,SYNTHETIC SAMPLE — NOT SUMED DATA
S013,Tax Card,DOC-S013-1,01/09/2025,14/01/2028,Received,SYNTHETIC SAMPLE — NOT SUMED DATA
S013,VAT Certificate,DOC-S013-2,01/09/2025,,Received,SYNTHETIC SAMPLE — NOT SUMED DATA
S013,Bank Certificate,DOC-S013-3,01/09/2025,,Received,SYNTHETIC SAMPLE — NOT SUMED DATA
S013,IBAN Confirmation,DOC-S013-4,01/09/2025,,Received,SYNTHETIC SAMPLE — NOT SUMED DATA
S013,Contract,DOC-S013-5,01/09/2025,,Received,SYNTHETIC SAMPLE — NOT SUMED DATA
S013,Insurance,DOC-S013-6,01/09/2025,11/06/2027,Received,SYNTHETIC SAMPLE — NOT SUMED DATA
S013,Certifications,DOC-S013-7,01/09/2025,26/06/2027,Received,SYNTHETIC SAMPLE — NOT SUMED DATA
S013,Beneficial Ownership,DOC-S013-8,01/09/2025,,Pending Review,SYNTHETIC SAMPLE — NOT SUMED DATA
S013,Compliance Declaration,DOC-S013-9,01/09/2025,,Received,SYNTHETIC SAMPLE — NOT SUMED DATA
S014,Commercial Registration,DOC-S014-0,01/09/2025,02/05/2027,Received,SYNTHETIC SAMPLE — NOT SUMED DATA
S014,Tax Card,DOC-S014-1,01/09/2025,10/11/2027,Received,SYNTHETIC SAMPLE — NOT SUMED DATA
S014,VAT Certificate,DOC-S014-2,01/09/2025,,Received,SYNTHETIC SAMPLE — NOT SUMED DATA
S014,Bank Certificate,DOC-S014-3,01/09/2025,,Received,SYNTHETIC SAMPLE — NOT SUMED DATA
S014,IBAN Confirmation,DOC-S014-4,01/09/2025,,Received,SYNTHETIC SAMPLE — NOT SUMED DATA
S014,Contract,DOC-S014-5,01/09/2025,,Received,SYNTHETIC SAMPLE — NOT SUMED DATA
S014,Insurance,DOC-S014-6,01/09/2025,22/09/2027,Received,SYNTHETIC SAMPLE — NOT SUMED DATA
S014,Certifications,DOC-S014-7,01/09/2025,18/12/2027,Received,SYNTHETIC SAMPLE — NOT SUMED DATA
S014,Beneficial Ownership,DOC-S014-8,01/09/2025,,Received,SYNTHETIC SAMPLE — NOT SUMED DATA
S014,Compliance Declaration,DOC-S014-9,01/09/2025,,Received,SYNTHETIC SAMPLE — NOT SUMED DATA
S015,Commercial Registration,DOC-S015-0,01/09/2025,28/06/2027,Received,SYNTHETIC SAMPLE — NOT SUMED DATA
S015,Tax Card,DOC-S015-1,01/09/2025,30/11/2026,Received,SYNTHETIC SAMPLE — NOT SUMED DATA
S015,VAT Certificate,DOC-S015-2,01/09/2025,,Received,SYNTHETIC SAMPLE — NOT SUMED DATA
S015,Bank Certificate,DOC-S015-3,01/09/2025,,Received,SYNTHETIC SAMPLE — NOT SUMED DATA
S015,IBAN Confirmation,DOC-S015-4,01/09/2025,,Received,SYNTHETIC SAMPLE — NOT SUMED DATA
S015,Contract,DOC-S015-5,01/09/2025,,Received,SYNTHETIC SAMPLE — NOT SUMED DATA
S015,Insurance,DOC-S015-6,01/09/2025,13/02/2027,Received,SYNTHETIC SAMPLE — NOT SUMED DATA
S015,Certifications,DOC-S015-7,01/09/2025,22/12/2026,Received,SYNTHETIC SAMPLE — NOT SUMED DATA
S015,Beneficial Ownership,DOC-S015-8,01/09/2025,,Received,SYNTHETIC SAMPLE — NOT SUMED DATA
S015,Compliance Declaration,DOC-S015-9,01/09/2025,,Received,SYNTHETIC SAMPLE — NOT SUMED DATA
S016,Commercial Registration,DOC-S016-0,01/09/2025,23/07/2027,Received,SYNTHETIC SAMPLE — NOT SUMED DATA
S016,Tax Card,DOC-S016-1,01/09/2025,17/02/2027,Received,SYNTHETIC SAMPLE — NOT SUMED DATA
S016,VAT Certificate,DOC-S016-2,01/09/2025,,Received,SYNTHETIC SAMPLE — NOT SUMED DATA
S016,Bank Certificate,DOC-S016-3,01/09/2025,,Received,SYNTHETIC SAMPLE — NOT SUMED DATA
S016,IBAN Confirmation,DOC-S016-4,01/09/2025,,Received,SYNTHETIC SAMPLE — NOT SUMED DATA
S016,Contract,DOC-S016-5,01/09/2025,,Received,SYNTHETIC SAMPLE — NOT SUMED DATA
S016,Insurance,DOC-S016-6,01/09/2025,15/02/2028,Received,SYNTHETIC SAMPLE — NOT SUMED DATA
S016,Certifications,DOC-S016-7,01/09/2025,26/11/2027,Received,SYNTHETIC SAMPLE — NOT SUMED DATA
S016,Beneficial Ownership,DOC-S016-8,01/09/2025,,Received,SYNTHETIC SAMPLE — NOT SUMED DATA
S016,Compliance Declaration,DOC-S016-9,01/09/2025,,Received,SYNTHETIC SAMPLE — NOT SUMED DATA
S017,Commercial Registration,DOC-S017-0,01/09/2025,14/06/2027,Received,SYNTHETIC SAMPLE — NOT SUMED DATA
S017,Tax Card,DOC-S017-1,01/09/2025,19/02/2028,Received,SYNTHETIC SAMPLE — NOT SUMED DATA
S017,VAT Certificate,DOC-S017-2,01/09/2025,,Received,SYNTHETIC SAMPLE — NOT SUMED DATA
S017,Bank Certificate,DOC-S017-3,01/09/2025,,Received,SYNTHETIC SAMPLE — NOT SUMED DATA
S017,IBAN Confirmation,DOC-S017-4,01/09/2025,,Received,SYNTHETIC SAMPLE — NOT SUMED DATA
S017,Contract,DOC-S017-5,01/09/2025,,Received,SYNTHETIC SAMPLE — NOT SUMED DATA
S017,Insurance,DOC-S017-6,01/09/2025,17/10/2027,Received,SYNTHETIC SAMPLE — NOT SUMED DATA
S018,Commercial Registration,DOC-S018-0,01/09/2025,05/01/2028,Received,SYNTHETIC SAMPLE — NOT SUMED DATA
S018,Tax Card,DOC-S018-1,01/09/2025,01/01/2028,Received,SYNTHETIC SAMPLE — NOT SUMED DATA
S018,VAT Certificate,DOC-S018-2,01/09/2025,,Received,SYNTHETIC SAMPLE — NOT SUMED DATA
S018,Bank Certificate,DOC-S018-3,01/09/2025,,Received,SYNTHETIC SAMPLE — NOT SUMED DATA
S018,IBAN Confirmation,DOC-S018-4,01/09/2025,,Received,SYNTHETIC SAMPLE — NOT SUMED DATA
S018,Contract,DOC-S018-5,01/09/2025,,Received,SYNTHETIC SAMPLE — NOT SUMED DATA
S018,Insurance,DOC-S018-6,01/09/2025,28/12/2026,Received,SYNTHETIC SAMPLE — NOT SUMED DATA
S018,Certifications,DOC-S018-7,01/09/2025,07/01/2028,Received,SYNTHETIC SAMPLE — NOT SUMED DATA
S018,Beneficial Ownership,DOC-S018-8,01/09/2025,,Received,SYNTHETIC SAMPLE — NOT SUMED DATA
S018,Compliance Declaration,DOC-S018-9,01/09/2025,,Received,SYNTHETIC SAMPLE — NOT SUMED DATA
S019,Commercial Registration,DOC-S019-0,01/09/2025,30/12/2026,Received,SYNTHETIC SAMPLE — NOT SUMED DATA
S019,Tax Card,DOC-S019-1,01/09/2025,06/03/2027,Received,SYNTHETIC SAMPLE — NOT SUMED DATA
S019,VAT Certificate,DOC-S019-2,01/09/2025,,Received,SYNTHETIC SAMPLE — NOT SUMED DATA
S019,Bank Certificate,DOC-S019-3,01/09/2025,,Received,SYNTHETIC SAMPLE — NOT SUMED DATA
S019,IBAN Confirmation,DOC-S019-4,01/09/2025,,Received,SYNTHETIC SAMPLE — NOT SUMED DATA
S019,Contract,DOC-S019-5,01/09/2025,,Received,SYNTHETIC SAMPLE — NOT SUMED DATA
S019,Insurance,DOC-S019-6,01/09/2025,31/07/2027,Received,SYNTHETIC SAMPLE — NOT SUMED DATA
S019,Certifications,DOC-S019-7,01/09/2025,22/07/2027,Received,SYNTHETIC SAMPLE — NOT SUMED DATA
S019,Beneficial Ownership,DOC-S019-8,01/09/2025,,Received,SYNTHETIC SAMPLE — NOT SUMED DATA
S019,Compliance Declaration,DOC-S019-9,01/09/2025,,Received,SYNTHETIC SAMPLE — NOT SUMED DATA
S020,Commercial Registration,DOC-S020-0,01/09/2025,11/02/2028,Received,SYNTHETIC SAMPLE — NOT SUMED DATA
S020,Tax Card,DOC-S020-1,01/09/2025,22/11/2026,Received,SYNTHETIC SAMPLE — NOT SUMED DATA
S020,VAT Certificate,DOC-S020-2,01/09/2025,,Received,SYNTHETIC SAMPLE — NOT SUMED DATA
S020,Bank Certificate,DOC-S020-3,01/09/2025,,Received,SYNTHETIC SAMPLE — NOT SUMED DATA
S020,IBAN Confirmation,DOC-S020-4,01/09/2025,,Received,SYNTHETIC SAMPLE — NOT SUMED DATA
S020,Contract,DOC-S020-5,01/09/2025,,Received,SYNTHETIC SAMPLE — NOT SUMED DATA
S020,Insurance,DOC-S020-6,01/09/2025,11/12/2026,Received,SYNTHETIC SAMPLE — NOT SUMED DATA
S020,Certifications,DOC-S020-7,01/09/2025,31/01/2027,Received,SYNTHETIC SAMPLE — NOT SUMED DATA
S020,Beneficial Ownership,DOC-S020-8,01/09/2025,,Received,SYNTHETIC SAMPLE — NOT SUMED DATA
S020,Compliance Declaration,DOC-S020-9,01/09/2025,,Received,SYNTHETIC SAMPLE — NOT SUMED DATA
S021,Commercial Registration,DOC-S021-0,01/09/2025,30/05/2027,Received,SYNTHETIC SAMPLE — NOT SUMED DATA
S021,Tax Card,DOC-S021-1,01/09/2025,10/01/2027,Received,SYNTHETIC SAMPLE — NOT SUMED DATA
S021,VAT Certificate,DOC-S021-2,01/09/2025,,Received,SYNTHETIC SAMPLE — NOT SUMED DATA
S021,Bank Certificate,DOC-S021-3,01/09/2025,,Received,SYNTHETIC SAMPLE — NOT SUMED DATA
S021,IBAN Confirmation,DOC-S021-4,01/09/2025,,Received,SYNTHETIC SAMPLE — NOT SUMED DATA
S021,Contract,DOC-S021-5,01/09/2025,,Received,SYNTHETIC SAMPLE — NOT SUMED DATA
S021,Insurance,DOC-S021-6,01/09/2025,30/11/2026,Received,SYNTHETIC SAMPLE — NOT SUMED DATA
S021,Certifications,DOC-S021-7,01/09/2025,18/12/2027,Received,SYNTHETIC SAMPLE — NOT SUMED DATA
S021,Beneficial Ownership,DOC-S021-8,01/09/2025,,Received,SYNTHETIC SAMPLE — NOT SUMED DATA
S021,Compliance Declaration,DOC-S021-9,01/09/2025,,Received,SYNTHETIC SAMPLE — NOT SUMED DATA
S022,Commercial Registration,DOC-S022-0,01/09/2025,25/11/2027,Received,SYNTHETIC SAMPLE — NOT SUMED DATA
S022,Tax Card,DOC-S022-1,01/09/2025,10/03/2028,Received,SYNTHETIC SAMPLE — NOT SUMED DATA
S022,VAT Certificate,DOC-S022-2,01/09/2025,,Received,SYNTHETIC SAMPLE — NOT SUMED DATA
S022,Bank Certificate,DOC-S022-3,01/09/2025,,Received,SYNTHETIC SAMPLE — NOT SUMED DATA
S022,IBAN Confirmation,DOC-S022-4,01/09/2025,,Received,SYNTHETIC SAMPLE — NOT SUMED DATA
S022,Contract,DOC-S022-5,01/09/2025,,Received,SYNTHETIC SAMPLE — NOT SUMED DATA
S022,Insurance,DOC-S022-6,01/09/2025,24/04/2027,Received,SYNTHETIC SAMPLE — NOT SUMED DATA
S022,Certifications,DOC-S022-7,01/09/2025,23/12/2027,Received,SYNTHETIC SAMPLE — NOT SUMED DATA
S022,Beneficial Ownership,DOC-S022-8,01/09/2025,,Received,SYNTHETIC SAMPLE — NOT SUMED DATA
S022,Compliance Declaration,DOC-S022-9,01/09/2025,,Received,SYNTHETIC SAMPLE — NOT SUMED DATA
S023,Commercial Registration,DOC-S023-0,01/09/2025,08/01/2027,Received,SYNTHETIC SAMPLE — NOT SUMED DATA
S023,Tax Card,DOC-S023-1,01/09/2025,16/08/2027,Received,SYNTHETIC SAMPLE — NOT SUMED DATA
S023,VAT Certificate,DOC-S023-2,01/09/2025,,Received,SYNTHETIC SAMPLE — NOT SUMED DATA
S023,Bank Certificate,DOC-S023-3,01/09/2025,,Received,SYNTHETIC SAMPLE — NOT SUMED DATA
S023,IBAN Confirmation,DOC-S023-4,01/09/2025,,Received,SYNTHETIC SAMPLE — NOT SUMED DATA
S024,Commercial Registration,DOC-S024-0,01/09/2025,28/06/2027,Received,SYNTHETIC SAMPLE — NOT SUMED DATA
S024,Tax Card,DOC-S024-1,01/09/2025,12/07/2027,Received,SYNTHETIC SAMPLE — NOT SUMED DATA
S024,VAT Certificate,DOC-S024-2,01/09/2025,,Received,SYNTHETIC SAMPLE — NOT SUMED DATA
S024,Bank Certificate,DOC-S024-3,01/09/2025,,Rejected,SYNTHETIC SAMPLE — NOT SUMED DATA
S024,IBAN Confirmation,DOC-S024-4,01/09/2025,,Received,SYNTHETIC SAMPLE — NOT SUMED DATA
S024,Contract,DOC-S024-5,01/09/2025,,Received,SYNTHETIC SAMPLE — NOT SUMED DATA
S024,Insurance,DOC-S024-6,01/09/2025,06/12/2027,Received,SYNTHETIC SAMPLE — NOT SUMED DATA
S024,Certifications,DOC-S024-7,01/09/2025,12/09/2027,Received,SYNTHETIC SAMPLE — NOT SUMED DATA