contract id,supplier id,contract type,start date,end date,contract value,currency,payment terms,renewal date,status,late penalty,early payment discount,Data Note
C-DEMO-001,S001,Service,24/05/2025,24/05/2027,9000000,USD,Net 30,25/03/2027,Active,1.5,,SYNTHETIC SAMPLE — NOT SUMED DATA
C-DEMO-002,S002,Framework,13/02/2025,27/10/2026,260000000,EGP,Net 45,28/08/2026,Active,1.5,,SYNTHETIC SAMPLE — NOT SUMED DATA
C-DEMO-003,S004,Service,10/12/2025,10/11/2027,30000000,EGP,Net 30,11/09/2027,Active,,,SYNTHETIC SAMPLE — NOT SUMED DATA
C-DEMO-004,S005,Service,12/08/2025,05/03/2027,3200000,EUR,Net 60,04/01/2027,Active,,,SYNTHETIC SAMPLE — NOT SUMED DATA
C-DEMO-005,S008,Service,06/10/2025,06/10/2026,7000000,EGP,2/10 Net 30,07/08/2026,Active,,2/10 Net 30,SYNTHETIC SAMPLE — NOT SUMED DATA
C-DEMO-006,S011,Framework,05/11/2024,02/08/2027,6000000,USD,Net 45,03/06/2027,Active,,,SYNTHETIC SAMPLE — NOT SUMED DATA
C-DEMO-007,S012,Service,01/09/2025,20/11/2026,2500000,USD,Net 30,21/09/2026,Active,,,SYNTHETIC SAMPLE — NOT SUMED DATA
C-DEMO-008,S013,Supply,24/05/2025,27/08/2026,40000000,EGP,Net 60,28/06/2026,Expired,,,SYNTHETIC SAMPLE — NOT SUMED DATA
C-DEMO-009,S018,Supply,21/09/2025,01/09/2027,2900000,EUR,Net 45,03/07/2027,Active,,,SYNTHETIC SAMPLE — NOT SUMED DATA
C-DEMO-010,S016,Service,20/03/2026,20/03/2027,4500000,EGP,2/10 Net 30,19/01/2027,Active,,2/10 Net 30,SYNTHETIC SAMPLE — NOT SUMED DATA
C-DEMO-011,S003,Supply,10/11/2025,10/11/2026,12000000,EGP,2/10 Net 30,11/09/2026,Active,,2/10 Net 30,SYNTHETIC SAMPLE — NOT SUMED DATA