currency,rate date,rate,source,Data Note
USD,01/09/2025,48.5317,DEMO / SYNTHETIC — not a market rate,SYNTHETIC SAMPLE — NOT SUMED DATA
EUR,01/09/2025,52.9555,DEMO / SYNTHETIC — not a market rate,SYNTHETIC SAMPLE — NOT SUMED DATA
USD,08/09/2025,48.7312,DEMO / SYNTHETIC — not a market rate,SYNTHETIC SAMPLE — NOT SUMED DATA
EUR,08/09/2025,53.2024,DEMO / SYNTHETIC — not a market rate,SYNTHETIC SAMPLE — NOT SUMED DATA
USD,15/09/2025,48.9718,DEMO / SYNTHETIC — not a market rate,SYNTHETIC SAMPLE — NOT SUMED DATA
EUR,15/09/2025,53.5383,DEMO / SYNTHETIC — not a market rate,SYNTHETIC SAMPLE — NOT SUMED DATA
USD,22/09/2025,49.2098,DEMO / SYNTHETIC — not a market rate,SYNTHETIC SAMPLE — NOT SUMED DATA
EUR,22/09/2025,53.6929,DEMO / SYNTHETIC — not a market rate,SYNTHETIC SAMPLE — NOT SUMED DATA
USD,29/09/2025,49.3802,DEMO / SYNTHETIC — not a market rate,SYNTHETIC SAMPLE — NOT SUMED DATA
EUR,29/09/2025,53.9517,DEMO / SYNTHETIC — not a market rate,SYNTHETIC SAMPLE — NOT SUMED DATA
USD,06/10/2025,49.5303,DEMO / SYNTHETIC — not a market rate,SYNTHETIC SAMPLE — NOT SUMED DATA
EUR,06/10/2025,54.1408,DEMO / SYNTHETIC — not a market rate,SYNTHETIC SAMPLE — NOT SUMED DATA
USD,13/10/2025,49.7611,DEMO / SYNTHETIC — not a market rate,SYNTHETIC SAMPLE — NOT SUMED DATA
EUR,13/10/2025,54.4043,DEMO / SYNTHETIC — not a market rate,SYNTHETIC SAMPLE — NOT SUMED DATA
USD,20/10/2025,49.8939,DEMO / SYNTHETIC — not a market rate,SYNTHETIC SAMPLE — NOT SUMED DATA
EUR,20/10/2025,54.546,DEMO / SYNTHETIC — not a market rate,SYNTHETIC SAMPLE — NOT SUMED DATA
USD,27/10/2025,50.1017,DEMO / SYNTHETIC — not a market rate,SYNTHETIC SAMPLE — NOT SUMED DATA
EUR,27/10/2025,54.7514,DEMO / SYNTHETIC — not a market rate,SYNTHETIC SAMPLE — NOT SUMED DATA
USD,03/11/2025,50.1478,DEMO / SYNTHETIC — not a market rate,SYNTHETIC SAMPLE — NOT SUMED DATA
EUR,03/11/2025,54.811,DEMO / SYNTHETIC — not a market rate,SYNTHETIC SAMPLE — NOT SUMED DATA
USD,10/11/2025,50.2485,DEMO / SYNTHETIC — not a market rate,SYNTHETIC SAMPLE — NOT SUMED DATA
EUR,10/11/2025,54.9648,DEMO / SYNTHETIC — not a market rate,SYNTHETIC SAMPLE — NOT SUMED DATA
USD,17/11/2025,50.3512,DEMO / SYNTHETIC — not a market rate,SYNTHETIC SAMPLE — NOT SUMED DATA
EUR,17/11/2025,55.0435,DEMO / SYNTHETIC — not a market rate,SYNTHETIC SAMPLE — NOT SUMED DATA
USD,24/11/2025,50.4483,DEMO / SYNTHETIC — not a market rate,SYNTHETIC SAMPLE — NOT SUMED DATA
EUR,24/11/2025,55.0709,DEMO / SYNTHETIC — not a market rate,SYNTHETIC SAMPLE — NOT SUMED DATA
USD,01/12/2025,50.4318,DEMO / SYNTHETIC — not a market rate,SYNTHETIC SAMPLE — NOT SUMED DATA
EUR,01/12/2025,55.1557,DEMO / SYNTHETIC — not a market rate,SYNTHETIC SAMPLE — NOT SUMED DATA
USD,08/12/2025,50.4636,DEMO / SYNTHETIC — not a market rate,SYNTHETIC SAMPLE — NOT SUMED DATA
EUR,08/12/2025,55.0707,DEMO / SYNTHETIC — not a market rate,SYNTHETIC SAMPLE — NOT SUMED DATA
USD,15/12/2025,50.4462,DEMO / SYNTHETIC — not a market rate,SYNTHETIC SAMPLE — NOT SUMED DATA
EUR,15/12/2025,55.1318,DEMO / SYNTHETIC — not a market rate,SYNTHETIC SAMPLE — NOT SUMED DATA
USD,22/12/2025,50.3856,DEMO / SYNTHETIC — not a market rate,SYNTHETIC SAMPLE — NOT SUMED DATA
EUR,22/12/2025,55.0624,DEMO / SYNTHETIC — not a market rate,SYNTHETIC SAMPLE — NOT SUMED DATA
USD,29/12/2025,50.2876,DEMO / SYNTHETIC — not a market rate,SYNTHETIC SAMPLE — NOT SUMED DATA
EUR,29/12/2025,54.9477,DEMO / SYNTHETIC — not a market rate,SYNTHETIC SAMPLE — NOT SUMED DATA
USD,05/01/2026,50.164,DEMO / SYNTHETIC — not a market rate,SYNTHETIC SAMPLE — NOT SUMED DATA
EUR,05/01/2026,54.8194,DEMO / SYNTHETIC — not a market rate,SYNTHETIC SAMPLE — NOT SUMED DATA
USD,12/01/2026,50.01,DEMO / SYNTHETIC — not a market rate,SYNTHETIC SAMPLE — NOT SUMED DATA
EUR,12/01/2026,54.6671,DEMO / SYNTHETIC — not a market rate,SYNTHETIC SAMPLE — NOT SUMED DATA
USD,19/01/2026,49.8778,DEMO / SYNTHETIC — not a market rate,SYNTHETIC SAMPLE — NOT SUMED DATA
EUR,19/01/2026,54.5208,DEMO / SYNTHETIC — not a market rate,SYNTHETIC SAMPLE — NOT SUMED DATA
USD,26/01/2026,49.7797,DEMO / SYNTHETIC — not a market rate,SYNTHETIC SAMPLE — NOT SUMED DATA
EUR,26/01/2026,54.3592,DEMO / SYNTHETIC — not a market rate,SYNTHETIC SAMPLE — NOT SUMED DATA
USD,02/02/2026,49.5999,DEMO / SYNTHETIC — not a market rate,SYNTHETIC SAMPLE — NOT SUMED DATA
EUR,02/02/2026,54.1183,DEMO / SYNTHETIC — not a market rate,SYNTHETIC SAMPLE — NOT SUMED DATA
USD,09/02/2026,49.4006,DEMO / SYNTHETIC — not a market rate,SYNTHETIC SAMPLE — NOT SUMED DATA
EUR,09/02/2026,53.9215,DEMO / SYNTHETIC — not a market rate,SYNTHETIC SAMPLE — NOT SUMED DATA
USD,16/02/2026,49.1151,DEMO / SYNTHETIC — not a market rate,SYNTHETIC SAMPLE — NOT SUMED DATA
EUR,16/02/2026,53.6763,DEMO / SYNTHETIC — not a market rate,SYNTHETIC SAMPLE — NOT SUMED DATA
USD,23/02/2026,48.9067,DEMO / SYNTHETIC — not a market rate,SYNTHETIC SAMPLE — NOT SUMED DATA
EUR,23/02/2026,53.5005,DEMO / SYNTHETIC — not a market rate,SYNTHETIC SAMPLE — NOT SUMED DATA
USD,02/03/2026,48.7317,DEMO / SYNTHETIC — not a market rate,SYNTHETIC SAMPLE — NOT SUMED DATA
EUR,02/03/2026,53.1869,DEMO / SYNTHETIC — not a market rate,SYNTHETIC SAMPLE — NOT SUMED DATA
USD,09/03/2026,48.4549,DEMO / SYNTHETIC — not a market rate,SYNTHETIC SAMPLE — NOT SUMED DATA
EUR,09/03/2026,52.9635,DEMO / SYNTHETIC — not a market rate,SYNTHETIC SAMPLE — NOT SUMED DATA
USD,16/03/2026,48.2299,DEMO / SYNTHETIC — not a market rate,SYNTHETIC SAMPLE — NOT SUMED DATA
EUR,16/03/2026,52.7289,DEMO / SYNTHETIC — not a market rate,SYNTHETIC SAMPLE — NOT SUMED DATA
USD,23/03/2026,48.0692,DEMO / SYNTHETIC — not a market rate,SYNTHETIC SAMPLE — NOT SUMED DATA
EUR,23/03/2026,52.4588,DEMO / SYNTHETIC — not a market rate,SYNTHETIC SAMPLE — NOT SUMED DATA
USD,30/03/2026,47.8062,DEMO / SYNTHETIC — not a market rate,SYNTHETIC SAMPLE — NOT SUMED DATA
EUR,30/03/2026,52.299,DEMO / SYNTHETIC — not a market rate,SYNTHETIC SAMPLE — NOT SUMED DATA
USD,06/04/2026,47.5737,DEMO / SYNTHETIC — not a market rate,SYNTHETIC SAMPLE — NOT SUMED DATA
EUR,06/04/2026,52.0169,DEMO / SYNTHETIC — not a market rate,SYNTHETIC SAMPLE — NOT SUMED DATA
USD,13/04/2026,47.3787,DEMO / SYNTHETIC — not a market rate,SYNTHETIC SAMPLE — NOT SUMED DATA
EUR,13/04/2026,51.832,DEMO / SYNTHETIC — not a market rate,SYNTHETIC SAMPLE — NOT SUMED DATA
USD,20/04/2026,47.2613,DEMO / SYNTHETIC — not a market rate,SYNTHETIC SAMPLE — NOT SUMED DATA
EUR,20/04/2026,51.6214,DEMO / SYNTHETIC — not a market rate,SYNTHETIC SAMPLE — NOT SUMED DATA
USD,27/04/2026,47.1111,DEMO / SYNTHETIC — not a market rate,SYNTHETIC SAMPLE — NOT SUMED DATA
EUR,27/04/2026,51.4708,DEMO / SYNTHETIC — not a market rate,SYNTHETIC SAMPLE — NOT SUMED DATA
USD,04/05/2026,46.9459,DEMO / SYNTHETIC — not a market rate,SYNTHETIC SAMPLE — NOT SUMED DATA
EUR,04/05/2026,51.24,DEMO / SYNTHETIC — not a market rate,SYNTHETIC SAMPLE — NOT SUMED DATA
USD,11/05/2026,46.8309,DEMO / SYNTHETIC — not a market rate,SYNTHETIC SAMPLE — NOT SUMED DATA
EUR,11/05/2026,51.142,DEMO / SYNTHETIC — not a market rate,SYNTHETIC SAMPLE — NOT SUMED DATA
USD,18/05/2026,46.6765,DEMO / SYNTHETIC — not a market rate,SYNTHETIC SAMPLE — NOT SUMED DATA
EUR,18/05/2026,51.0903,DEMO / SYNTHETIC — not a market rate,SYNTHETIC SAMPLE — NOT SUMED DATA
USD,25/05/2026,46.5888,DEMO / SYNTHETIC — not a market rate,SYNTHETIC SAMPLE — NOT SUMED DATA
EUR,25/05/2026,51.0017,DEMO / SYNTHETIC — not a market rate,SYNTHETIC SAMPLE — NOT SUMED DATA
USD,01/06/2026,46.563,DEMO / SYNTHETIC — not a market rate,SYNTHETIC SAMPLE — NOT SUMED DATA
EUR,01/06/2026,50.8976,DEMO / SYNTHETIC — not a market rate,SYNTHETIC SAMPLE — NOT SUMED DATA
USD,08/06/2026,46.5483,DEMO / SYNTHETIC — not a market rate,SYNTHETIC SAMPLE — NOT SUMED DATA
EUR,08/06/2026,50.9142,DEMO / SYNTHETIC — not a market rate,SYNTHETIC SAMPLE — NOT SUMED DATA
USD,15/06/2026,46.5845,DEMO / SYNTHETIC — not a market rate,SYNTHETIC SAMPLE — NOT SUMED DATA
EUR,15/06/2026,50.8848,DEMO / SYNTHETIC — not a market rate,SYNTHETIC SAMPLE — NOT SUMED DATA
USD,22/06/2026,46.6052,DEMO / SYNTHETIC — not a market rate,SYNTHETIC SAMPLE — NOT SUMED DATA
EUR,22/06/2026,50.8974,DEMO / SYNTHETIC — not a market rate,SYNTHETIC SAMPLE — NOT SUMED DATA
USD,29/06/2026,46.692,DEMO / SYNTHETIC — not a market rate,SYNTHETIC SAMPLE — NOT SUMED DATA
EUR,29/06/2026,51.0072,DEMO / SYNTHETIC — not a market rate,SYNTHETIC SAMPLE — NOT SUMED DATA
USD,06/07/2026,46.7219,DEMO / SYNTHETIC — not a market rate,SYNTHETIC SAMPLE — NOT SUMED DATA
EUR,06/07/2026,51.0522,DEMO / SYNTHETIC — not a market rate,SYNTHETIC SAMPLE — NOT SUMED DATA
USD,13/07/2026,46.8004,DEMO / SYNTHETIC — not a market rate,SYNTHETIC SAMPLE — NOT SUMED DATA
EUR,13/07/2026,51.1704,DEMO / SYNTHETIC — not a market rate,SYNTHETIC SAMPLE — NOT SUMED DATA
USD,20/07/2026,46.9389,DEMO / SYNTHETIC — not a market rate,SYNTHETIC SAMPLE — NOT SUMED DATA
EUR,20/07/2026,51.296,DEMO / SYNTHETIC — not a market rate,SYNTHETIC SAMPLE — NOT SUMED DATA
USD,27/07/2026,47.1104,DEMO / SYNTHETIC — not a market rate,SYNTHETIC SAMPLE — NOT SUMED DATA
EUR,27/07/2026,51.4528,DEMO / SYNTHETIC — not a market rate,SYNTHETIC SAMPLE — NOT SUMED DATA
USD,03/08/2026,47.315,DEMO / SYNTHETIC — not a market rate,SYNTHETIC SAMPLE — NOT SUMED DATA
EUR,03/08/2026,51.6532,DEMO / SYNTHETIC — not a market rate,SYNTHETIC SAMPLE — NOT SUMED DATA
USD,10/08/2026,47.4916,DEMO / SYNTHETIC — not a market rate,SYNTHETIC SAMPLE — NOT SUMED DATA
EUR,10/08/2026,51.8293,DEMO / SYNTHETIC — not a market rate,SYNTHETIC SAMPLE — NOT SUMED DATA
USD,17/08/2026,47.663,DEMO / SYNTHETIC — not a market rate,SYNTHETIC SAMPLE — NOT SUMED DATA
EUR,17/08/2026,52.0853,DEMO / SYNTHETIC — not a market rate,SYNTHETIC SAMPLE — NOT SUMED DATA
USD,24/08/2026,47.8335,DEMO / SYNTHETIC — not a market rate,SYNTHETIC SAMPLE — NOT SUMED DATA
EUR,24/08/2026,52.2904,DEMO / SYNTHETIC — not a market rate,SYNTHETIC SAMPLE — NOT SUMED DATA
USD,31/08/2026,48.1088,DEMO / SYNTHETIC — not a market rate,SYNTHETIC SAMPLE — NOT SUMED DATA
EUR,31/08/2026,52.517,DEMO / SYNTHETIC — not a market rate,SYNTHETIC SAMPLE — NOT SUMED DATA
USD,07/09/2026,48.2686,DEMO / SYNTHETIC — not a market rate,SYNTHETIC SAMPLE — NOT SUMED DATA
EUR,07/09/2026,52.8164,DEMO / SYNTHETIC — not a market rate,SYNTHETIC SAMPLE — NOT SUMED DATA
USD,14/09/2026,48.5456,DEMO / SYNTHETIC — not a market rate,SYNTHETIC SAMPLE — NOT SUMED DATA
EUR,14/09/2026,53.058,DEMO / SYNTHETIC — not a market rate,SYNTHETIC SAMPLE — NOT SUMED DATA
USD,21/09/2026,48.7829,DEMO / SYNTHETIC — not a market rate,SYNTHETIC SAMPLE — NOT SUMED DATA
EUR,21/09/2026,53.2556,DEMO / SYNTHETIC — not a market rate,SYNTHETIC SAMPLE — NOT SUMED DATA
USD,28/09/2026,48.9732,DEMO / SYNTHETIC — not a market rate,SYNTHETIC SAMPLE — NOT SUMED DATA
EUR,28/09/2026,53.4771,DEMO / SYNTHETIC — not a market rate,SYNTHETIC SAMPLE — NOT SUMED DATA
USD,05/10/2026,49.1791,DEMO / SYNTHETIC — not a market rate,SYNTHETIC SAMPLE — NOT SUMED DATA
EUR,05/10/2026,53.7554,DEMO / SYNTHETIC — not a market rate,SYNTHETIC SAMPLE — NOT SUMED DATA