supplier id,supplier name,arabic name,supplier type,category,classification,legal entity,country,city,address,tax id,commercial registration,vat status,contact person,email,phone,website,bank name,bank branch,bank account,iban,swift,currency,payment terms,po required,tax treatment,withholding tax,critical,strategic,single source,status,onboarding date,last review date,next review date,compliance status,sanctions,insurance status,insurance expiry,onboarding stage,created by,approved by,bank changed on,Data Note
S001,Alpha Marine Services (Demo),ألفا للخدمات البحرية (تجريبي),Local,Marine Services,A,Synthetic Co. (Demo),Egypt,Alexandria,"10 Demo Street, Alexandria",DEMO-TAX-100000,DEMO-CR-5000,Registered,Demo Contact 1,contact1@supplier.demo.invalid,+00-DEMO-5000,https://supplier1.demo.invalid,Demo Bank B,Alexandria (Demo),DEMO-ACC-70000,XD171312807930296160810200000,DEMOXDXX,USD,Net 30,Y,Domestic,Y,Y,Y,N,Approved,19/04/2024,20/03/2026,20/03/2027,Compliant,Cleared,Valid,03/02/2027,10,u.po1,u.pm,03/09/2026,SYNTHETIC SAMPLE — NOT SUMED DATA
S002,Delta Pipeline Works (Demo),دلتا لأعمال خطوط الأنابيب (تجريبي),Local,Pipeline Maintenance,A,Synthetic Co. (Demo),Egypt,Alexandria,"11 Demo Street, Alexandria",DEMO-TAX-100037,DEMO-CR-5001,Registered,Demo Contact 2,contact2@supplier.demo.invalid,+00-DEMO-5001,https://supplier2.demo.invalid,Demo Bank D,Alexandria (Demo),DEMO-ACC-70001,XD640322103520350880749600000,DEMOXDXX,EGP,Net 45,Y,Domestic,Y,Y,Y,Y,Approved,09/05/2024,25/03/2026,25/03/2027,Compliant,Cleared,Valid,12/02/2027,10,u.po1,u.pm,,SYNTHETIC SAMPLE — NOT SUMED DATA
S003,Nile Safety Supplies (Demo),النيل لمستلزمات السلامة (تجريبي),Local,Safety & Environment,C,Synthetic Co. (Demo),Egypt,Cairo,"12 Demo Street, Cairo",DEMO-TAX-100074,DEMO-CR-5002,Registered,Demo Contact 3,contact3@supplier.demo.invalid,+00-DEMO-5002,https://supplier3.demo.invalid,Demo Bank A,Cairo (Demo),DEMO-ACC-70002,XD730338881139360962030500000,DEMOXDXX,EGP,2/10 Net 30,Y,Domestic,Y,N,N,N,Approved,29/05/2024,30/03/2026,30/03/2027,Compliant,Cleared,Valid,21/02/2027,10,u.po1,u.pm,,SYNTHETIC SAMPLE — NOT SUMED DATA
S004,Horizon IT Solutions (Demo),هورايزون لحلول تقنية المعلومات (تجريبي),Local,IT & Telecom,B,Synthetic Co. (Demo),Egypt,Cairo,"13 Demo Street, Cairo",DEMO-TAX-100111,DEMO-CR-5003,Registered,Demo Contact 4,contact4@supplier.demo.invalid,+00-DEMO-5003,https://supplier4.demo.invalid,Demo Bank B,Cairo (Demo),DEMO-ACC-70003,XD360422769234357690371000000,DEMOXDXX,EGP,Net 30,Y,Domestic,Y,N,Y,N,Approved,18/06/2024,04/04/2026,04/04/2027,Compliant,Cleared,Valid,02/03/2027,10,u.po1,u.pm,,SYNTHETIC SAMPLE — NOT SUMED DATA
S005,Mediterranean Engineering (Demo),المتوسط للهندسة (تجريبي),Foreign,Engineering Services,A,Synthetic Co. (Demo),Italy,Genoa,"14 Demo Street, Genoa",DEMO-TAX-100148,DEMO-CR-5004,Not applicable (foreign),Demo Contact 5,contact5@supplier.demo.invalid,+00-DEMO-5004,https://supplier5.demo.invalid,Demo Bank D,Genoa (Demo),DEMO-ACC-70004,XD450439546853367771651900000,DEMOXDXX,EUR,Net 60,Y,Reverse charge (demo),N,Y,N,N,Approved,08/07/2024,09/04/2026,09/04/2027,Compliant,Cleared,Valid,11/03/2027,10,u.po1,u.pm,,SYNTHETIC SAMPLE — NOT SUMED DATA
S006,Pharos Spare Parts (Demo),فاروس لقطع الغيار (تجريبي),Local,Spare Parts,C,Synthetic Co. (Demo),Egypt,Alexandria,"15 Demo Street, Alexandria",DEMO-TAX-100185,DEMO-CR-5005,Registered,Demo Contact 6,contact6@supplier.demo.invalid,+00-DEMO-5005,https://supplier6.demo.invalid,Demo Bank A,Alexandria (Demo),DEMO-ACC-70005,XD620389213996364371999600000,DEMOXDXX,EGP,Net 45,Y,Domestic,Y,N,N,N,Approved,28/07/2024,14/04/2026,14/04/2027,Compliant,Cleared,Valid,20/03/2027,10,u.po1,u.pm,,SYNTHETIC SAMPLE — NOT SUMED DATA
S007,Canal Logistics (Demo),القناة للخدمات اللوجستية (تجريبي),Local,Logistics,C,Synthetic Co. (Demo),Egypt,Suez,"16 Demo Street, Suez",DEMO-TAX-100222,DEMO-CR-5006,Registered,Demo Contact 7,contact7@supplier.demo.invalid,+00-DEMO-5006,https://supplier7.demo.invalid,Demo Bank B,Suez (Demo),DEMO-ACC-70006,XD710405991615374453280500000,DEMOXDXX,EGP,Net 30,Y,Domestic,Y,N,N,N,Approved,17/08/2024,19/04/2026,19/04/2027,Compliant,Cleared,Valid,29/03/2027,10,u.po1,u.pm,,SYNTHETIC SAMPLE — NOT SUMED DATA
S008,Coastal Facilities Mgmt (Demo),الساحل لإدارة المرافق (تجريبي),Local,Facilities,C,Synthetic Co. (Demo),Egypt,Alexandria,"17 Demo Street, Alexandria",DEMO-TAX-100259,DEMO-CR-5007,Registered,Demo Contact 8,contact8@supplier.demo.invalid,+00-DEMO-5007,https://supplier8.demo.invalid,Demo Bank B,Alexandria (Demo),DEMO-ACC-70007,XD340489879710371181621000000,DEMOXDXX,EGP,2/10 Net 30,Y,Domestic,Y,N,N,N,Approved,06/09/2024,24/04/2026,24/04/2027,Compliant,Cleared,Valid,07/04/2027,10,u.po1,u.pm,,SYNTHETIC SAMPLE — NOT SUMED DATA
S009,Atlas Advisory (Demo),أطلس للاستشارات (تجريبي),Foreign,Consulting,C,Synthetic Co. (Demo),UAE,Dubai,"18 Demo Street, Dubai",DEMO-TAX-100296,DEMO-CR-5008,Not applicable (foreign),Demo Contact 9,contact9@supplier.demo.invalid,+00-DEMO-5008,https://supplier9.demo.invalid,Demo Bank B,Dubai (Demo),DEMO-ACC-70008,XD12INVALIDIBAN000,DEMOXDXX,USD,Net 30,Y,Reverse charge (demo),N,N,N,N,Approved,26/09/2024,29/04/2026,29/04/2027,Compliant,Cleared,Valid,16/04/2027,10,u.po1,u.pm,,SYNTHETIC SAMPLE — NOT SUMED DATA
S010,Sinai Spare Parts (Demo),سيناء لقطع الغيار (تجريبي),Local,Spare Parts,C,Synthetic Co. (Demo),Egypt,Cairo,"19 Demo Street, Cairo",,DEMO-CR-5009,Registered,Demo Contact 10,contact10@supplier.demo.invalid,+00-DEMO-5009,https://supplier10.demo.invalid,Demo Bank D,Cairo (Demo),DEMO-ACC-70009,XD960456471567127097838900000,DEMOXDXX,EGP,Net 30,Y,Domestic,Y,N,N,N,Approved,16/10/2024,04/05/2026,04/05/2027,Compliant,Cleared,Valid,25/04/2027,10,u.po1,u.pm,,SYNTHETIC SAMPLE — NOT SUMED DATA
S011,Red Sea Marine (Demo),البحر الأحمر البحرية (تجريبي),Local,Marine Services,A,Synthetic Co. (Demo),Egypt,Ain Sokhna,"20 Demo Street, Ain Sokhna",DEMO-TAX-100370,DEMO-CR-5010,Registered,Demo Contact 11,contact11@supplier.demo.invalid,+00-DEMO-5010,https://supplier11.demo.invalid,Demo Bank B,Ain Sokhna (Demo),DEMO-ACC-70010,XD810439693948117006241200000,DEMOXDXX,USD,Net 45,Y,Domestic,Y,Y,N,N,Approved,05/11/2024,09/05/2026,09/05/2027,Compliant,Cleared,Valid,04/05/2027,10,u.po1,u.pm,,SYNTHETIC SAMPLE — NOT SUMED DATA
S012,Ocean Spill Response (Demo),المحيط لمكافحة التسرب (تجريبي),Foreign,Safety & Environment,A,Synthetic Co. (Demo),UK,Southampton,"21 Demo Street, Southampton",DEMO-TAX-100407,DEMO-CR-5011,Not applicable (foreign),Demo Contact 12,contact12@supplier.demo.invalid,+00-DEMO-5011,https://supplier12.demo.invalid,Demo Bank D,Southampton (Demo),DEMO-ACC-70011,XD700490026805120416210300000,DEMOXDXX,USD,Net 30,Y,Reverse charge (demo),N,Y,N,Y,Approved,25/11/2024,14/05/2026,14/05/2027,Compliant,Cleared,Expired,24/09/2026,10,u.po1,u.pm,,SYNTHETIC SAMPLE — NOT SUMED DATA
S013,Giza Pipe Coating (Demo),الجيزة لتغليف الأنابيب (تجريبي),Local,Pipeline Maintenance,C,Synthetic Co. (Demo),Egypt,Giza,"22 Demo Street, Giza",DEMO-TAX-100444,DEMO-CR-5012,Registered,Demo Contact 13,contact13@supplier.demo.invalid,+00-DEMO-5012,https://supplier13.demo.invalid,Demo Bank A,Giza (Demo),DEMO-ACC-70012,XD610473249186110334929400000,DEMOXDXX,EGP,Net 60,Y,Domestic,Y,N,N,N,Approved,15/12/2024,19/05/2026,19/05/2027,Compliant,Cleared,Valid,22/05/2027,10,u.po1,u.pm,,SYNTHETIC SAMPLE — NOT SUMED DATA
S014,Lotus Trading (Demo),لوتس للتجارة (تجريبي),Local,Spare Parts,C,Synthetic Co. (Demo),Egypt,Alexandria,"23 Demo Street, Alexandria",DEMO-TAX-100481,DEMO-CR-5013,Registered,Demo Contact 14,contact14@supplier.demo.invalid,+00-DEMO-5013,https://supplier14.demo.invalid,Demo Bank A,Alexandria (Demo),DEMO-ACC-70013,XD980389361091113606588900000,DEMOXDXX,EGP,Net 30,Y,Domestic,Y,N,N,N,Approved,04/01/2025,24/05/2026,24/05/2027,Compliant,Cleared,Valid,31/05/2027,10,u.po1,u.pm,,SYNTHETIC SAMPLE — NOT SUMED DATA
S015,Lotus Trading Co (Demo),لوتس للتجارة (تجريبي),Local,Spare Parts,C,Synthetic Co. (Demo),Egypt,Alexandria,"23 Demo Street, Alexandria",DEMO-TAX-100518,DEMO-CR-5014,Registered,Demo Contact 15,contact15@supplier.demo.invalid,+00-DEMO-5014,https://supplier15.demo.invalid,Demo Bank B,Alexandria (Demo),DEMO-ACC-70014,XD980389361091113606588900000,DEMOXDXX,EGP,Net 30,Y,Domestic,Y,N,N,N,Approved,24/01/2025,29/05/2026,29/05/2027,Compliant,Cleared,Valid,09/06/2027,10,u.pm,u.pm,,SYNTHETIC SAMPLE — NOT SUMED DATA
S016,Bright Cleaning (Demo),برايت للنظافة (تجريبي),Local,Facilities,C,Synthetic Co. (Demo),Egypt,Alexandria,"25 Demo Street, Alexandria",DEMO-TAX-100555,DEMO-CR-5015,Registered,Demo Contact 16,contact16@supplier.demo.invalid,+00-DEMO-5015,https://supplier16.demo.invalid,Demo Bank A,Alexandria (Demo),DEMO-ACC-70015,XD720422916329106924960300000,DEMOXDXX,EGP,2/10 Net 30,Y,Domestic,Y,N,N,N,Approved,13/02/2025,03/06/2026,03/06/2027,Compliant,Cleared,Valid,18/06/2027,10,u.po1,u.pm,,SYNTHETIC SAMPLE — NOT SUMED DATA
S017,Sahara Telecom (Demo),الصحراء للاتصالات (تجريبي),Local,IT & Telecom,C,Synthetic Co. (Demo),Egypt,Cairo,"26 Demo Street, Cairo",DEMO-TAX-100592,DEMO-CR-5016,Registered,Demo Contact 17,contact17@supplier.demo.invalid,+00-DEMO-5016,https://supplier17.demo.invalid,Demo Bank A,Cairo (Demo),DEMO-ACC-70016,XD100406138710123687869800000,DEMOXDXX,EGP,Net 30,Y,Domestic,Y,N,N,N,Approved,05/03/2025,08/06/2026,08/06/2027,Compliant,Cleared,Valid,27/06/2027,10,u.po1,u.pm,,SYNTHETIC SAMPLE — NOT SUMED DATA
S018,Euro Valves GmbH (Demo),يورو للصمامات (تجريبي),Foreign,Pipeline Maintenance,A,Synthetic Co. (Demo),Germany,Hamburg,"27 Demo Street, Hamburg",DEMO-TAX-100629,DEMO-CR-5017,Not applicable (foreign),Demo Contact 18,contact18@supplier.demo.invalid,+00-DEMO-5017,https://supplier18.demo.invalid,Demo Bank D,Hamburg (Demo),DEMO-ACC-70017,XD420590692519127225831700000,DEMOXDXX,EUR,Net 45,Y,Reverse charge (demo),N,Y,N,N,Approved,25/03/2025,13/06/2026,13/06/2027,Compliant,Cleared,Valid,06/07/2027,10,u.po1,u.pm,,SYNTHETIC SAMPLE — NOT SUMED DATA
S019,Dormant Supplies (Demo),مورد خامل (تجريبي),Local,Spare Parts,C,Synthetic Co. (Demo),Egypt,Tanta,"28 Demo Street, Tanta",DEMO-TAX-100666,DEMO-CR-5018,Registered,Demo Contact 19,contact19@supplier.demo.invalid,+00-DEMO-5018,https://supplier19.demo.invalid,Demo Bank A,Tanta (Demo),DEMO-ACC-70018,XD330573914900117144550800000,DEMOXDXX,EGP,Net 30,Y,Domestic,Y,N,N,N,Approved,14/04/2025,18/06/2026,18/06/2027,Compliant,Cleared,Valid,15/07/2027,10,u.po1,u.pm,,SYNTHETIC SAMPLE — NOT SUMED DATA
S020,Blocked Vendor (Demo),مورد موقوف (تجريبي),Local,Logistics,C,Synthetic Co. (Demo),Egypt,Cairo,"29 Demo Street, Cairo",DEMO-TAX-100703,DEMO-CR-5019,Registered,Demo Contact 20,contact20@supplier.demo.invalid,+00-DEMO-5019,https://supplier20.demo.invalid,Demo Bank A,Cairo (Demo),DEMO-ACC-70019,XD622838349012427901613200000,DEMOXDXX,EGP,Net 30,Y,Domestic,Y,N,N,N,Blocked,04/05/2025,23/06/2026,23/06/2027,Non-compliant,Cleared,Valid,24/07/2027,10,u.po1,u.pm,,SYNTHETIC SAMPLE — NOT SUMED DATA
S021,Thames Inspection (Demo),التايمز للتفتيش (تجريبي),Foreign,Engineering Services,C,Synthetic Co. (Demo),UK,London,"30 Demo Street, London",DEMO-TAX-100740,DEMO-CR-5020,Not applicable (foreign),Demo Contact 21,contact21@supplier.demo.invalid,+00-DEMO-5020,https://supplier21.demo.invalid,Demo Bank B,London (Demo),DEMO-ACC-70020,XD522855126631008486164500000,DEMOXDXX,GBP,Net 30,Y,Reverse charge (demo),N,N,N,N,Approved,24/05/2025,28/06/2026,28/06/2027,Compliant,Pending,Valid,02/08/2027,10,u.po1,u.pm,,SYNTHETIC SAMPLE — NOT SUMED DATA
S022,Quick Courier (Demo),كويك للشحن السريع (تجريبي),Local,Logistics,C,Synthetic Co. (Demo),Egypt,Alexandria,"31 Demo Street, Alexandria",DEMO-TAX-100777,DEMO-CR-5021,Registered,Demo Contact 22,contact22@supplier.demo.invalid,+00-DEMO-7777,https://supplier22.demo.invalid,Demo Bank B,Alexandria (Demo),DEMO-ACC-70021,XD362871904250421219984600000,DEMOXDXX,EGP,Net 15,Y,Domestic,Y,N,N,N,Approved,13/06/2025,03/07/2026,03/07/2027,Compliant,Cleared,Valid,11/08/2027,10,u.po1,u.pm,,SYNTHETIC SAMPLE — NOT SUMED DATA
S023,New Drone Inspection (Demo),مورد جديد تجريبي 1,Local,Engineering Services,,,Egypt,Alexandria,"80 Demo Road, Alexandria",DEMO-TAX-90,DEMO-CR-90,,,new0@supplier.demo.invalid,,,,,,,,EGP,Net 30,,,,N,N,N,Pending,16/09/2026,,,Not Started,Pending,,,4,u.po1,,,SYNTHETIC SAMPLE — NOT SUMED DATA
S024,New Catering Services (Demo),مورد جديد تجريبي 2,Local,Facilities,,,Egypt,Alexandria,"81 Demo Road, Alexandria",DEMO-TAX-91,DEMO-CR-91,,,new1@supplier.demo.invalid,,,Demo Bank B,,,XD702771238536414420680000000,,EGP,Net 30,,,,N,N,N,Pending,20/09/2026,,,Under Review,Cleared,,,7,u.po1,,,SYNTHETIC SAMPLE — NOT SUMED DATA
S025,New Valve Agent (Demo),مورد جديد تجريبي 3,Local,Pipeline Maintenance,,,Egypt,Alexandria,"82 Demo Road, Alexandria",,DEMO-CR-92,,,new2@supplier.demo.invalid,,,,,,,,EGP,Net 30,,,,N,N,N,Pending,24/09/2026,,,Not Started,Pending,,,2,u.po1,,,SYNTHETIC SAMPLE — NOT SUMED DATA