expected date,currency,amount,description,Data Note
08/10/2026,USD,1716995,Transit revenue (DEMO),SYNTHETIC SAMPLE — NOT SUMED DATA
10/10/2026,EGP,35044996,Storage & services revenue (DEMO),SYNTHETIC SAMPLE — NOT SUMED DATA
15/10/2026,USD,1429123,Transit revenue (DEMO),SYNTHETIC SAMPLE — NOT SUMED DATA
17/10/2026,EGP,28681031,Storage & services revenue (DEMO),SYNTHETIC SAMPLE — NOT SUMED DATA
22/10/2026,USD,1558040,Transit revenue (DEMO),SYNTHETIC SAMPLE — NOT SUMED DATA
24/10/2026,EGP,38991215,Storage & services revenue (DEMO),SYNTHETIC SAMPLE — NOT SUMED DATA
29/10/2026,USD,1556594,Transit revenue (DEMO),SYNTHETIC SAMPLE — NOT SUMED DATA
31/10/2026,EGP,29587123,Storage & services revenue (DEMO),SYNTHETIC SAMPLE — NOT SUMED DATA
05/11/2026,USD,1592088,Transit revenue (DEMO),SYNTHETIC SAMPLE — NOT SUMED DATA
07/11/2026,EGP,37492271,Storage & services revenue (DEMO),SYNTHETIC SAMPLE — NOT SUMED DATA
12/11/2026,USD,1452066,Transit revenue (DEMO),SYNTHETIC SAMPLE — NOT SUMED DATA
14/11/2026,EGP,27478066,Storage & services revenue (DEMO),SYNTHETIC SAMPLE — NOT SUMED DATA
19/11/2026,USD,1604287,Transit revenue (DEMO),SYNTHETIC SAMPLE — NOT SUMED DATA
21/11/2026,EGP,34693866,Storage & services revenue (DEMO),SYNTHETIC SAMPLE — NOT SUMED DATA
26/11/2026,USD,1965096,Transit revenue (DEMO),SYNTHETIC SAMPLE — NOT SUMED DATA
28/11/2026,EGP,37037534,Storage & services revenue (DEMO),SYNTHETIC SAMPLE — NOT SUMED DATA
03/12/2026,USD,1692959,Transit revenue (DEMO),SYNTHETIC SAMPLE — NOT SUMED DATA
05/12/2026,EGP,34689312,Storage & services revenue (DEMO),SYNTHETIC SAMPLE — NOT SUMED DATA
10/12/2026,USD,1908164,Transit revenue (DEMO),SYNTHETIC SAMPLE — NOT SUMED DATA
12/12/2026,EGP,27542955,Storage & services revenue (DEMO),SYNTHETIC SAMPLE — NOT SUMED DATA
17/12/2026,USD,2048523,Transit revenue (DEMO),SYNTHETIC SAMPLE — NOT SUMED DATA
19/12/2026,EGP,31280651,Storage & services revenue (DEMO),SYNTHETIC SAMPLE — NOT SUMED DATA
24/12/2026,USD,1826580,Transit revenue (DEMO),SYNTHETIC SAMPLE — NOT SUMED DATA
26/12/2026,EGP,36042439,Storage & services revenue (DEMO),SYNTHETIC SAMPLE — NOT SUMED DATA
31/12/2026,USD,1942818,Transit revenue (DEMO),SYNTHETIC SAMPLE — NOT SUMED DATA
02/01/2027,EGP,39275192,Storage & services revenue (DEMO),SYNTHETIC SAMPLE — NOT SUMED DATA
07/01/2027,USD,1895591,Transit revenue (DEMO),SYNTHETIC SAMPLE — NOT SUMED DATA
09/01/2027,EGP,32781671,Storage & services revenue (DEMO),SYNTHETIC SAMPLE — NOT SUMED DATA
14/01/2027,USD,1677020,Transit revenue (DEMO),SYNTHETIC SAMPLE — NOT SUMED DATA
16/01/2027,EGP,31800282,Storage & services revenue (DEMO),SYNTHETIC SAMPLE — NOT SUMED DATA
21/01/2027,USD,1986626,Transit revenue (DEMO),SYNTHETIC SAMPLE — NOT SUMED DATA
23/01/2027,EGP,26658696,Storage & services revenue (DEMO),SYNTHETIC SAMPLE — NOT SUMED DATA
28/01/2027,USD,1761051,Transit revenue (DEMO),SYNTHETIC SAMPLE — NOT SUMED DATA
30/01/2027,EGP,35006457,Storage & services revenue (DEMO),SYNTHETIC SAMPLE — NOT SUMED DATA
04/02/2027,USD,1927041,Transit revenue (DEMO),SYNTHETIC SAMPLE — NOT SUMED DATA
06/02/2027,EGP,28569146,Storage & services revenue (DEMO),SYNTHETIC SAMPLE — NOT SUMED DATA