invoice no,item code,quantity,unit price,Data Note
002-INV-00001,PM-PIG-04,4,77118.89,SYNTHETIC SAMPLE — NOT SUMED DATA
002-INV-00001,PM-GSK-02,11,4110.27,SYNTHETIC SAMPLE — NOT SUMED DATA
002-INV-00001,PM-VLV-01,4,184250.04,SYNTHETIC SAMPLE — NOT SUMED DATA
013-INV-00002,PM-CTG-03,141,927.71,SYNTHETIC SAMPLE — NOT SUMED DATA
013-INV-00002,PM-GSK-02,79,4155.37,SYNTHETIC SAMPLE — NOT SUMED DATA
005-INV-00003,EN-INS-01,15,775.84,SYNTHETIC SAMPLE — NOT SUMED DATA
012-INV-00004,SE-GAS-03,7,453.92,SYNTHETIC SAMPLE — NOT SUMED DATA
012-INV-00004,SE-OSR-02,2,160.44,SYNTHETIC SAMPLE — NOT SUMED DATA
014-INV-00005,SP-SEA-02,2,33480.08,SYNTHETIC SAMPLE — NOT SUMED DATA
014-INV-00005,SP-BRG-03,28,12036.51,SYNTHETIC SAMPLE — NOT SUMED DATA
006-INV-00006,PM-GSK-02,108,4161.32,SYNTHETIC SAMPLE — NOT SUMED DATA
017-INV-00007,IT-SUP-03,2,120960.97,SYNTHETIC SAMPLE — NOT SUMED DATA
017-INV-00007,IT-SRV-02,2,267018.72,SYNTHETIC SAMPLE — NOT SUMED DATA
011-INV-00008,MS-HOS-03,2,9070.75,SYNTHETIC SAMPLE — NOT SUMED DATA
011-INV-00008,MS-MOR-02,17,1421.22,SYNTHETIC SAMPLE — NOT SUMED DATA
011-INV-00008,MS-TUG-01,6,854.83,SYNTHETIC SAMPLE — NOT SUMED DATA
006-INV-00009,SP-SEA-02,6,33112.47,SYNTHETIC SAMPLE — NOT SUMED DATA
006-INV-00009,SP-BRG-03,39,12178.05,SYNTHETIC SAMPLE — NOT SUMED DATA
001-INV-00010,MS-MOR-02,14,1284.48,SYNTHETIC SAMPLE — NOT SUMED DATA
001-INV-00010,MS-TUG-01,14,800.78,SYNTHETIC SAMPLE — NOT SUMED DATA
022-INV-00011,LG-CUS-02,141,12272.76,SYNTHETIC SAMPLE — NOT SUMED DATA
022-INV-00011,LG-TRK-01,46,18594.57,SYNTHETIC SAMPLE — NOT SUMED DATA
017-INV-00012,IT-SUP-03,3,122519.68,SYNTHETIC SAMPLE — NOT SUMED DATA
002-INV-00013,PM-GSK-02,43,4082.03,SYNTHETIC SAMPLE — NOT SUMED DATA
011-INV-00014,MS-HOS-03,2,8336.59,SYNTHETIC SAMPLE — NOT SUMED DATA
013-INV-00015,PM-CTG-03,112,942.21,SYNTHETIC SAMPLE — NOT SUMED DATA
013-INV-00015,PM-PIG-04,8,75550.34,SYNTHETIC SAMPLE — NOT SUMED DATA
001-INV-00016,MS-HOS-03,4,8400.67,SYNTHETIC SAMPLE — NOT SUMED DATA
012-INV-00017,SE-OSR-02,14,162.63,SYNTHETIC SAMPLE — NOT SUMED DATA
001-INV-00018,MS-MOR-02,11,1287.85,SYNTHETIC SAMPLE — NOT SUMED DATA
012-INV-00019,SE-OSR-02,3,162.17,SYNTHETIC SAMPLE — NOT SUMED DATA
008-INV-00020,FC-SEC-02,2,210070.81,SYNTHETIC SAMPLE — NOT SUMED DATA
008-INV-00020,FC-CLN-01,2,149293.07,SYNTHETIC SAMPLE — NOT SUMED DATA
002-INV-00021,PM-PIG-04,18,75495.78,SYNTHETIC SAMPLE — NOT SUMED DATA
003-INV-00022,SE-GAS-03,34,21170.68,SYNTHETIC SAMPLE — NOT SUMED DATA
003-INV-00022,SE-OSR-02,45,7812.87,SYNTHETIC SAMPLE — NOT SUMED DATA
003-INV-00022,SE-PPE-01,86,2525.18,SYNTHETIC SAMPLE — NOT SUMED DATA
018-INV-00023,PM-CTG-03,114,18.14,SYNTHETIC SAMPLE — NOT SUMED DATA
018-INV-00023,PM-PIG-04,20,1450.23,SYNTHETIC SAMPLE — NOT SUMED DATA
003-INV-00024,SE-OSR-02,12,7651.22,SYNTHETIC SAMPLE — NOT SUMED DATA
003-INV-00025,SE-GAS-03,5,21336.96,SYNTHETIC SAMPLE — NOT SUMED DATA
003-INV-00025,SE-OSR-02,96,7917.68,SYNTHETIC SAMPLE — NOT SUMED DATA
003-INV-00025,SE-PPE-01,81,2552.22,SYNTHETIC SAMPLE — NOT SUMED DATA
001-INV-00026,MS-TUG-01,15,794.89,SYNTHETIC SAMPLE — NOT SUMED DATA
001-INV-00026,MS-MOR-02,5,1292.04,SYNTHETIC SAMPLE — NOT SUMED DATA
007-INV-00027,LG-CUS-02,72,12661.78,SYNTHETIC SAMPLE — NOT SUMED DATA
012-INV-00028,SE-PPE-01,37,53.95,SYNTHETIC SAMPLE — NOT SUMED DATA
013-INV-00029,PM-GSK-02,36,4226.94,SYNTHETIC SAMPLE — NOT SUMED DATA
013-INV-00029,PM-CTG-03,7,939.02,SYNTHETIC SAMPLE — NOT SUMED DATA
003-INV-00030,SE-PPE-01,32,2582.42,SYNTHETIC SAMPLE — NOT SUMED DATA
006-INV-00031,SP-SEA-02,15,34060.12,SYNTHETIC SAMPLE — NOT SUMED DATA
006-INV-00031,PM-GSK-02,104,4125.61,SYNTHETIC SAMPLE — NOT SUMED DATA
006-INV-00031,SP-BRG-03,96,12320.73,SYNTHETIC SAMPLE — NOT SUMED DATA
002-INV-00032,PM-PIG-04,7,74014.29,SYNTHETIC SAMPLE — NOT SUMED DATA
002-INV-00032,PM-CTG-03,116,933.39,SYNTHETIC SAMPLE — NOT SUMED DATA
005-INV-00033,EN-DES-02,1,6688.34,SYNTHETIC SAMPLE — NOT SUMED DATA
011-INV-00034,MS-HOS-03,3,8368.12,SYNTHETIC SAMPLE — NOT SUMED DATA
010-INV-00035,SP-BRG-03,85,12247.05,SYNTHETIC SAMPLE — NOT SUMED DATA
002-INV-00036,PM-CTG-03,146,941.45,SYNTHETIC SAMPLE — NOT SUMED DATA
002-INV-00036,PM-GSK-02,41,4177.52,SYNTHETIC SAMPLE — NOT SUMED DATA
013-INV-00037,PM-PIG-04,3,74763.87,SYNTHETIC SAMPLE — NOT SUMED DATA
013-INV-00037,PM-CTG-03,49,940.3,SYNTHETIC SAMPLE — NOT SUMED DATA
011-INV-00038,MS-TUG-01,14,787.3,SYNTHETIC SAMPLE — NOT SUMED DATA
011-INV-00038,MS-HOS-03,3,8614.7,SYNTHETIC SAMPLE — NOT SUMED DATA
002-INV-00039,PM-CTG-03,71,978.21,SYNTHETIC SAMPLE — NOT SUMED DATA
013-INV-00040,PM-GSK-02,22,4171.07,SYNTHETIC SAMPLE — NOT SUMED DATA
013-INV-00040,PM-VLV-01,2,186280.85,SYNTHETIC SAMPLE — NOT SUMED DATA
006-INV-00041,SP-PMP-01,17,99916.1,SYNTHETIC SAMPLE — NOT SUMED DATA
006-INV-00041,SP-SEA-02,10,33051.47,SYNTHETIC SAMPLE — NOT SUMED DATA
004-INV-00042,IT-SUP-03,3,121184.66,SYNTHETIC SAMPLE — NOT SUMED DATA
016-INV-00043,FC-CLN-01,1,148375.01,SYNTHETIC SAMPLE — NOT SUMED DATA
017-INV-00044,IT-SUP-03,3,121609.42,SYNTHETIC SAMPLE — NOT SUMED DATA
001-INV-00045,MS-HOS-03,3,8442.94,SYNTHETIC SAMPLE — NOT SUMED DATA
001-INV-00045,MS-MOR-02,3,1299.55,SYNTHETIC SAMPLE — NOT SUMED DATA
004-INV-00046,IT-LIC-01,43,9904.13,SYNTHETIC SAMPLE — NOT SUMED DATA
004-INV-00046,IT-SRV-02,2,259810.75,SYNTHETIC SAMPLE — NOT SUMED DATA
014-INV-00047,SP-SEA-02,19,33496.66,SYNTHETIC SAMPLE — NOT SUMED DATA
014-INV-00047,PM-GSK-02,60,4956,SYNTHETIC SAMPLE — NOT SUMED DATA
014-INV-00047,SP-BRG-03,13,12635.18,SYNTHETIC SAMPLE — NOT SUMED DATA
016-INV-00048,FC-CLN-01,4,146436.33,SYNTHETIC SAMPLE — NOT SUMED DATA
002-INV-00049,PM-PIG-04,16,75169.48,SYNTHETIC SAMPLE — NOT SUMED DATA
013-INV-00050,PM-GSK-02,35,4202.25,SYNTHETIC SAMPLE — NOT SUMED DATA
002-INV-00051,PM-PIG-04,3,77620.63,SYNTHETIC SAMPLE — NOT SUMED DATA
002-INV-00051,PM-GSK-02,48,4206.17,SYNTHETIC SAMPLE — NOT SUMED DATA
002-INV-00051,PM-VLV-01,3,184254.11,SYNTHETIC SAMPLE — NOT SUMED DATA
004-INV-00052,IT-LIC-01,15,10060.7,SYNTHETIC SAMPLE — NOT SUMED DATA
004-INV-00052,IT-SRV-02,4,270715.86,SYNTHETIC SAMPLE — NOT SUMED DATA
004-INV-00052,IT-SUP-03,6,118219.78,SYNTHETIC SAMPLE — NOT SUMED DATA
001-INV-00053,MS-MOR-02,1,1355.1,SYNTHETIC SAMPLE — NOT SUMED DATA
001-INV-00053,MS-HOS-03,2,8351.01,SYNTHETIC SAMPLE — NOT SUMED DATA
001-INV-00054,MS-MOR-02,19,1294.01,SYNTHETIC SAMPLE — NOT SUMED DATA
004-INV-00055,IT-LIC-01,31,9988.36,SYNTHETIC SAMPLE — NOT SUMED DATA
018-INV-00056,PM-CTG-03,4,17.42,SYNTHETIC SAMPLE — NOT SUMED DATA
001-INV-00057,MS-TUG-01,7,798.19,SYNTHETIC SAMPLE — NOT SUMED DATA
002-INV-00058,PM-PIG-04,3,77060.91,SYNTHETIC SAMPLE — NOT SUMED DATA
002-INV-00058,PM-GSK-02,59,4083.98,SYNTHETIC SAMPLE — NOT SUMED DATA
006-INV-00059,SP-PMP-01,7,96450.02,SYNTHETIC SAMPLE — NOT SUMED DATA
008-INV-00060,FC-CLN-01,1,148293.85,SYNTHETIC SAMPLE — NOT SUMED DATA
008-INV-00060,FC-SEC-02,2,214938.44,SYNTHETIC SAMPLE — NOT SUMED DATA
002-INV-00061,PM-VLV-01,6,179535.31,SYNTHETIC SAMPLE — NOT SUMED DATA
002-INV-00061,PM-GSK-02,86,4187.47,SYNTHETIC SAMPLE — NOT SUMED DATA
002-INV-00062,PM-CTG-03,23,976.1,SYNTHETIC SAMPLE — NOT SUMED DATA
004-INV-00063,IT-LIC-01,46,9515.13,SYNTHETIC SAMPLE — NOT SUMED DATA
004-INV-00063,IT-SUP-03,3,120853.32,SYNTHETIC SAMPLE — NOT SUMED DATA
013-INV-00064,PM-PIG-04,18,76413.43,SYNTHETIC SAMPLE — NOT SUMED DATA
017-INV-00065,IT-LIC-01,124,9640.54,SYNTHETIC SAMPLE — NOT SUMED DATA
017-INV-00065,IT-SUP-03,3,122451.21,SYNTHETIC SAMPLE — NOT SUMED DATA
002-INV-00066,PM-CTG-03,72,965.35,SYNTHETIC SAMPLE — NOT SUMED DATA
004-INV-00067,IT-LIC-01,86,9688.77,SYNTHETIC SAMPLE — NOT SUMED DATA
001-INV-00068,MS-TUG-01,10,803.5,SYNTHETIC SAMPLE — NOT SUMED DATA
001-INV-00068,MS-HOS-03,1,8474.6,SYNTHETIC SAMPLE — NOT SUMED DATA
001-INV-00069,MS-TUG-01,8,800.83,SYNTHETIC SAMPLE — NOT SUMED DATA
001-INV-00069,MS-MOR-02,7,1301.77,SYNTHETIC SAMPLE — NOT SUMED DATA
022-INV-00070,LG-TRK-01,54,18904.6,SYNTHETIC SAMPLE — NOT SUMED DATA
002-INV-00071,PM-VLV-01,1,184386.25,SYNTHETIC SAMPLE — NOT SUMED DATA
002-INV-00071,PM-PIG-04,6,74022.22,SYNTHETIC SAMPLE — NOT SUMED DATA
017-INV-00072,IT-LIC-01,37,9725.07,SYNTHETIC SAMPLE — NOT SUMED DATA
002-INV-00073,PM-GSK-02,7,4177.49,SYNTHETIC SAMPLE — NOT SUMED DATA
005-INV-00074,EN-DES-02,1,6614.34,SYNTHETIC SAMPLE — NOT SUMED DATA
005-INV-00074,EN-INS-01,15,811.72,SYNTHETIC SAMPLE — NOT SUMED DATA
022-INV-00075,LG-TRK-01,46,18785.77,SYNTHETIC SAMPLE — NOT SUMED DATA
022-INV-00075,LG-CUS-02,48,12768.09,SYNTHETIC SAMPLE — NOT SUMED DATA
014-INV-00076,SP-BRG-03,100,12662,SYNTHETIC SAMPLE — NOT SUMED DATA
018-INV-00077,PM-VLV-01,4,3455.83,SYNTHETIC SAMPLE — NOT SUMED DATA
002-INV-00078,PM-PIG-04,2,75931.32,SYNTHETIC SAMPLE — NOT SUMED DATA
002-INV-00078,PM-GSK-02,2,4298.15,SYNTHETIC SAMPLE — NOT SUMED DATA
002-INV-00078,PM-CTG-03,69,925.38,SYNTHETIC SAMPLE — NOT SUMED DATA
011-INV-00079,MS-TUG-01,7,762.73,SYNTHETIC SAMPLE — NOT SUMED DATA
011-INV-00080,MS-MOR-02,17,1342.46,SYNTHETIC SAMPLE — NOT SUMED DATA
014-INV-00081,SP-BRG-03,138,12224.53,SYNTHETIC SAMPLE — NOT SUMED DATA
001-INV-00082,MS-TUG-01,4,787.16,SYNTHETIC SAMPLE — NOT SUMED DATA
002-INV-00083,PM-GSK-02,28,4209.73,SYNTHETIC SAMPLE — NOT SUMED DATA
001-INV-00084,MS-HOS-03,6,8429.61,SYNTHETIC SAMPLE — NOT SUMED DATA
001-INV-00084,MS-MOR-02,14,1282.38,SYNTHETIC SAMPLE — NOT SUMED DATA
018-INV-00085,PM-CTG-03,108,17.44,SYNTHETIC SAMPLE — NOT SUMED DATA
004-INV-00086,IT-LIC-01,80,9626.68,SYNTHETIC SAMPLE — NOT SUMED DATA
004-INV-00086,IT-SRV-02,2,262296.77,SYNTHETIC SAMPLE — NOT SUMED DATA
001-INV-00087,MS-HOS-03,4,8485.01,SYNTHETIC SAMPLE — NOT SUMED DATA
001-INV-00087,MS-TUG-01,9,781.99,SYNTHETIC SAMPLE — NOT SUMED DATA
007-INV-00088,LG-TRK-01,26,19052.61,SYNTHETIC SAMPLE — NOT SUMED DATA
003-INV-00089,SE-GAS-03,7,21355.07,SYNTHETIC SAMPLE — NOT SUMED DATA
003-INV-00089,SE-OSR-02,101,7952.53,SYNTHETIC SAMPLE — NOT SUMED DATA
003-INV-00089,SE-PPE-01,102,2635.57,SYNTHETIC SAMPLE — NOT SUMED DATA
002-INV-00090,PM-GSK-02,23,4077.21,SYNTHETIC SAMPLE — NOT SUMED DATA
002-INV-00090,PM-VLV-01,1,183372.02,SYNTHETIC SAMPLE — NOT SUMED DATA
004-INV-00091,IT-LIC-01,8,9770.59,SYNTHETIC SAMPLE — NOT SUMED DATA
004-INV-00091,IT-SUP-03,5,119239.52,SYNTHETIC SAMPLE — NOT SUMED DATA
011-INV-00092,MS-HOS-03,2,8427.71,SYNTHETIC SAMPLE — NOT SUMED DATA
002-INV-00093,PM-VLV-01,4,181291.22,SYNTHETIC SAMPLE — NOT SUMED DATA
007-INV-00094,LG-CUS-02,96,12748.79,SYNTHETIC SAMPLE — NOT SUMED DATA
002-INV-00095,PM-VLV-01,3,187858.82,SYNTHETIC SAMPLE — NOT SUMED DATA
002-INV-00095,PM-GSK-02,17,4121.3,SYNTHETIC SAMPLE — NOT SUMED DATA
002-INV-00095,PM-CTG-03,86,938.47,SYNTHETIC SAMPLE — NOT SUMED DATA
002-INV-00096,PM-PIG-04,11,77038.47,SYNTHETIC SAMPLE — NOT SUMED DATA
002-INV-00096,PM-VLV-01,2,181160.09,SYNTHETIC SAMPLE — NOT SUMED DATA
002-INV-00097,PM-VLV-01,5,189477.17,SYNTHETIC SAMPLE — NOT SUMED DATA
015-INV-00098,SP-PMP-01,2,98429.06,SYNTHETIC SAMPLE — NOT SUMED DATA
008-INV-00099,FC-CLN-01,5,144543.35,SYNTHETIC SAMPLE — NOT SUMED DATA
011-INV-00100,MS-MOR-02,14,1333.28,SYNTHETIC SAMPLE — NOT SUMED DATA
003-INV-00101,SE-GAS-03,8,21863.94,SYNTHETIC SAMPLE — NOT SUMED DATA
003-INV-00101,SE-OSR-02,113,7715.82,SYNTHETIC SAMPLE — NOT SUMED DATA
017-INV-00102,IT-SUP-03,2,123133.88,SYNTHETIC SAMPLE — NOT SUMED DATA
005-INV-00103,EN-DES-02,3,6730.61,SYNTHETIC SAMPLE — NOT SUMED DATA
001-INV-00104,MS-TUG-01,1,804.98,SYNTHETIC SAMPLE — NOT SUMED DATA
010-INV-00105,SP-BRG-03,44,12279.65,SYNTHETIC SAMPLE — NOT SUMED DATA
006-INV-00106,SP-BRG-03,90,12759.17,SYNTHETIC SAMPLE — NOT SUMED DATA
011-INV-00107,MS-HOS-03,1,8651.13,SYNTHETIC SAMPLE — NOT SUMED DATA
011-INV-00107,MS-MOR-02,10,1332.76,SYNTHETIC SAMPLE — NOT SUMED DATA
001-INV-00108,MS-TUG-01,15,762.34,SYNTHETIC SAMPLE — NOT SUMED DATA
002-INV-00109,PM-PIG-04,9,78191.78,SYNTHETIC SAMPLE — NOT SUMED DATA
003-INV-00110,SE-PPE-01,135,2589.75,SYNTHETIC SAMPLE — NOT SUMED DATA
003-INV-00110,SE-GAS-03,19,22133.26,SYNTHETIC SAMPLE — NOT SUMED DATA
002-INV-00111,PM-GSK-02,110,4203.19,SYNTHETIC SAMPLE — NOT SUMED DATA
002-INV-00111,PM-PIG-04,5,76843.75,SYNTHETIC SAMPLE — NOT SUMED DATA
017-INV-00112,IT-SRV-02,2,261040,SYNTHETIC SAMPLE — NOT SUMED DATA
016-INV-00113,FC-CLN-01,4,146274.75,SYNTHETIC SAMPLE — NOT SUMED DATA
002-INV-00114,PM-CTG-03,26,948.74,SYNTHETIC SAMPLE — NOT SUMED DATA
004-INV-00115,IT-LIC-01,114,10033.51,SYNTHETIC SAMPLE — NOT SUMED DATA
004-INV-00115,IT-SRV-02,4,272262.83,SYNTHETIC SAMPLE — NOT SUMED DATA
001-INV-00116,MS-TUG-01,6,775.23,SYNTHETIC SAMPLE — NOT SUMED DATA
001-INV-00116,MS-HOS-03,3,8591.74,SYNTHETIC SAMPLE — NOT SUMED DATA
004-INV-00117,IT-SRV-02,3,259706.23,SYNTHETIC SAMPLE — NOT SUMED DATA
004-INV-00117,IT-SUP-03,3,122311.88,SYNTHETIC SAMPLE — NOT SUMED DATA
004-INV-00117,IT-LIC-01,98,9627.92,SYNTHETIC SAMPLE — NOT SUMED DATA
013-INV-00118,PM-VLV-01,3,188573.28,SYNTHETIC SAMPLE — NOT SUMED DATA
013-INV-00118,PM-GSK-02,27,4131.71,SYNTHETIC SAMPLE — NOT SUMED DATA
006-INV-00119,SP-PMP-01,17,98487.88,SYNTHETIC SAMPLE — NOT SUMED DATA
006-INV-00119,SP-BRG-03,34,12319.65,SYNTHETIC SAMPLE — NOT SUMED DATA
001-INV-00120,MS-MOR-02,18,1320.56,SYNTHETIC SAMPLE — NOT SUMED DATA
001-INV-00120,MS-TUG-01,16,775.19,SYNTHETIC SAMPLE — NOT SUMED DATA
012-INV-00121,SE-OSR-02,93,163.05,SYNTHETIC SAMPLE — NOT SUMED DATA
012-INV-00121,SE-PPE-01,70,53.31,SYNTHETIC SAMPLE — NOT SUMED DATA
012-INV-00121,SE-GAS-03,12,456,SYNTHETIC SAMPLE — NOT SUMED DATA
011-INV-00122,MS-MOR-02,9,1291.83,SYNTHETIC SAMPLE — NOT SUMED DATA
011-INV-00122,MS-TUG-01,20,787.76,SYNTHETIC SAMPLE — NOT SUMED DATA
001-INV-00123,MS-MOR-02,3,1314.7,SYNTHETIC SAMPLE — NOT SUMED DATA
001-INV-00123,MS-HOS-03,2,8407.41,SYNTHETIC SAMPLE — NOT SUMED DATA
004-INV-00124,IT-SRV-02,4,272015.01,SYNTHETIC SAMPLE — NOT SUMED DATA
002-INV-00125,PM-VLV-01,4,190013.73,SYNTHETIC SAMPLE — NOT SUMED DATA
002-INV-00125,PM-CTG-03,119,964.91,SYNTHETIC SAMPLE — NOT SUMED DATA
007-INV-00126,LG-TRK-01,1,18428.71,SYNTHETIC SAMPLE — NOT SUMED DATA
007-INV-00126,LG-CUS-02,140,12227.07,SYNTHETIC SAMPLE — NOT SUMED DATA
009-INV-00127,CN-ADV-01,10,1141.7,SYNTHETIC SAMPLE — NOT SUMED DATA
017-INV-00128,IT-SUP-03,4,122471.01,SYNTHETIC SAMPLE — NOT SUMED DATA
017-INV-00128,IT-SRV-02,4,272922.95,SYNTHETIC SAMPLE — NOT SUMED DATA
007-INV-00129,LG-CUS-02,94,12659.42,SYNTHETIC SAMPLE — NOT SUMED DATA
001-INV-00130,MS-MOR-02,2,1339.35,SYNTHETIC SAMPLE — NOT SUMED DATA
001-INV-00130,MS-TUG-01,17,797.16,SYNTHETIC SAMPLE — NOT SUMED DATA
007-INV-00131,LG-TRK-01,49,18120.38,SYNTHETIC SAMPLE — NOT SUMED DATA
003-INV-00132,SE-OSR-02,97,7809.95,SYNTHETIC SAMPLE — NOT SUMED DATA
002-INV-00133,PM-PIG-04,17,76134.45,SYNTHETIC SAMPLE — NOT SUMED DATA
002-INV-00133,PM-CTG-03,143,928.63,SYNTHETIC SAMPLE — NOT SUMED DATA
002-INV-00133,PM-GSK-02,92,4161.27,SYNTHETIC SAMPLE — NOT SUMED DATA
002-INV-00134,PM-CTG-03,71,978.25,SYNTHETIC SAMPLE — NOT SUMED DATA
002-INV-00134,PM-GSK-02,94,4124.39,SYNTHETIC SAMPLE — NOT SUMED DATA
001-INV-00135,MS-TUG-01,7,801.91,SYNTHETIC SAMPLE — NOT SUMED DATA
001-INV-00136,MS-TUG-01,14,786.99,SYNTHETIC SAMPLE — NOT SUMED DATA
002-INV-00137,PM-GSK-02,112,4308.47,SYNTHETIC SAMPLE — NOT SUMED DATA
002-INV-00137,PM-CTG-03,74,964.27,SYNTHETIC SAMPLE — NOT SUMED DATA
001-INV-00138,MS-MOR-02,18,1326.14,SYNTHETIC SAMPLE — NOT SUMED DATA
015-INV-00139,SP-PMP-01,18,99469.32,SYNTHETIC SAMPLE — NOT SUMED DATA
015-INV-00139,PM-GSK-02,109,4230.89,SYNTHETIC SAMPLE — NOT SUMED DATA
015-INV-00139,SP-SEA-02,19,34078.65,SYNTHETIC SAMPLE — NOT SUMED DATA
013-INV-00140,PM-VLV-01,6,182635.09,SYNTHETIC SAMPLE — NOT SUMED DATA
013-INV-00140,PM-PIG-04,6,76205.6,SYNTHETIC SAMPLE — NOT SUMED DATA
001-INV-00141,MS-TUG-01,2,803.47,SYNTHETIC SAMPLE — NOT SUMED DATA
001-INV-00142,MS-TUG-01,11,804.31,SYNTHETIC SAMPLE — NOT SUMED DATA
001-INV-00142,MS-MOR-02,14,1350.2,SYNTHETIC SAMPLE — NOT SUMED DATA
011-INV-00143,MS-TUG-01,16,772.53,SYNTHETIC SAMPLE — NOT SUMED DATA
011-INV-00143,MS-HOS-03,2,8435.46,SYNTHETIC SAMPLE — NOT SUMED DATA
002-INV-00144,PM-GSK-02,125,4213.02,SYNTHETIC SAMPLE — NOT SUMED DATA
004-INV-00145,IT-SUP-03,6,116976.34,SYNTHETIC SAMPLE — NOT SUMED DATA
004-INV-00145,IT-SRV-02,2,266111.86,SYNTHETIC SAMPLE — NOT SUMED DATA
001-INV-00146,MS-TUG-01,11,791.36,SYNTHETIC SAMPLE — NOT SUMED DATA
001-INV-00146,MS-HOS-03,4,8504.48,SYNTHETIC SAMPLE — NOT SUMED DATA
021-INV-00147,EN-DES-02,4,5756.26,SYNTHETIC SAMPLE — NOT SUMED DATA
021-INV-00147,EN-INS-01,2,688.08,SYNTHETIC SAMPLE — NOT SUMED DATA
6/inv/00006,PM-GSK-02,108,4161.32,SYNTHETIC SAMPLE — NOT SUMED DATA
04-INV-NOGRN,IT-SUP-03,6,117692.13,SYNTHETIC SAMPLE — NOT SUMED DATA