invoice no,supplier id,supplier name,invoice date,received date,due date,po no,grn no,contract id,currency,subtotal,tax,withholding tax,total,approved amount,payment terms,invoice status,approval status,entered by,approved by,approved date,description,department,cost center,project,category,emergency,iban on invoice,Data Note
002-INV-00001,S002,Delta Pipeline Works (Demo),30/09/2026,02/10/2026,14/11/2026,PO-DEMO-00001,GRN-DEMO-00001,C-DEMO-002,EGP,1090688.69,152696.42,10906.89,1243385.11,1243385.11,Net 45,Approved,Approved,u.acc1,u.dm.ops,06/10/2026,"Cleaning pig unit; Flange gasket set; Gate valve 24""",HSE,CC-140,,Pipeline Maintenance,N,XD640322103520350880749600000,SYNTHETIC SAMPLE — NOT SUMED DATA
013-INV-00002,S013,Giza Pipe Coating (Demo),21/09/2026,23/09/2026,20/11/2026,PO-DEMO-00002,GRN-DEMO-00002,C-DEMO-008,EGP,459081.34,64271.39,4590.81,523352.73,523352.73,Net 60,Approved,Approved,u.acc2,u.dm.ops,26/09/2026,"Pipe coating (m²); Flange gasket set",IT,CC-150,PRJ-DEMO-03 Digital Ops,Pipeline Maintenance,N,XD610473249186110334929400000,SYNTHETIC SAMPLE — NOT SUMED DATA
005-INV-00003,S005,Mediterranean Engineering (Demo),13/01/2026,15/01/2026,14/03/2026,PO-DEMO-00003,GRN-DEMO-00003,C-DEMO-004,EUR,11637.6,0,0,11637.6,11637.6,Net 60,Paid,Approved,u.acc2,u.dm.ops,19/01/2026,Inspection (day),Operations,CC-110,PRJ-DEMO-01 Terminal Upgrade,Engineering Services,N,XD450439546853367771651900000,SYNTHETIC SAMPLE — NOT SUMED DATA
012-INV-00004,S012,Ocean Spill Response (Demo),30/05/2026,01/06/2026,29/06/2026,PO-DEMO-00004,GRN-DEMO-00004,C-DEMO-007,USD,3498.32,0,0,3498.32,3498.32,Net 30,Paid,Approved,u.acc1,u.dm.mar,01/06/2026,"Gas detector; Oil-spill boom (m)",Administration,CC-170,PRJ-DEMO-01 Terminal Upgrade,Safety & Environment,N,XD700490026805120416210300000,SYNTHETIC SAMPLE — NOT SUMED DATA
014-INV-00005,S014,Lotus Trading (Demo),23/04/2026,25/04/2026,23/05/2026,PO-DEMO-00005,GRN-DEMO-00005,,EGP,403982.44,56557.54,4039.82,460539.98,460539.98,Net 30,Paid,Approved,u.acc2,u.dm.mar,29/04/2026,"Mechanical seal; Bearing set",Administration,CC-170,PRJ-DEMO-02 Pipeline Integrity,Spare Parts,N,XD980389361091113606588900000,SYNTHETIC SAMPLE — NOT SUMED DATA
006-INV-00006,S006,Pharos Spare Parts (Demo),12/01/2026,14/01/2026,26/02/2026,PO-DEMO-00006,GRN-DEMO-00006,,EGP,449422.56,62919.16,4494.23,512341.72,512341.72,Net 45,Paid,Approved,u.acc2,u.dm.ops,15/01/2026,Flange gasket set,Maintenance,CC-130,,Spare Parts,N,XD620389213996364371999600000,SYNTHETIC SAMPLE — NOT SUMED DATA
017-INV-00007,S017,Sahara Telecom (Demo),27/04/2026,29/04/2026,27/05/2026,PO-DEMO-00007,GRN-DEMO-00007,,EGP,775959.38,108634.31,23278.78,884593.69,884593.69,Net 30,Paid,Approved,u.acc2,u.dm.mar,02/05/2026,"Support (month); Server node",Operations,CC-110,PRJ-DEMO-03 Digital Ops,IT & Telecom,N,XD100406138710123687869800000,SYNTHETIC SAMPLE — NOT SUMED DATA
011-INV-00008,S011,Red Sea Marine (Demo),23/12/2025,25/12/2025,06/02/2026,PO-DEMO-00008,GRN-DEMO-00008,C-DEMO-006,USD,47431.22,6148.48,439.18,53579.7,50066.2,Net 45,Paid,Approved,u.acc1,u.dm.mar,25/12/2025,"Floating hose section; Mooring service (call); Tug assistance (hour)",Marine Terminal,CC-120,PRJ-DEMO-03 Digital Ops,Marine Services,N,XD810439693948117006241200000,SYNTHETIC SAMPLE — NOT SUMED DATA
006-INV-00009,S006,Pharos Spare Parts (Demo),18/09/2026,20/09/2026,02/11/2026,PO-DEMO-00009,GRN-DEMO-00009,,EGP,673618.77,94306.63,6736.19,767925.4,767925.4,Net 45,Approved,Approved,u.acc2,u.dm.mar,22/09/2026,"Mechanical seal; Bearing set",Marine Terminal,CC-120,PRJ-DEMO-03 Digital Ops,Spare Parts,N,XD620389213996364371999600000,SYNTHETIC SAMPLE — NOT SUMED DATA
001-INV-00010,S001,Alpha Marine Services (Demo),27/07/2026,29/07/2026,26/08/2026,PO-DEMO-00010,GRN-DEMO-00010,C-DEMO-001,USD,29193.64,4087.11,875.81,33280.75,33280.75,Net 30,Paid,Approved,u.acc1,u.dm.mnt,02/08/2026,"Mooring service (call); Tug assistance (hour)",HSE,CC-140,PRJ-DEMO-03 Digital Ops,Marine Services,N,XD530372436377354290718700000,SYNTHETIC SAMPLE — NOT SUMED DATA
022-INV-00011,S022,Quick Courier (Demo),30/07/2026,01/08/2026,14/08/2026,PO-DEMO-00011,GRN-DEMO-00011,,EGP,4629451.12,648123.16,77574.28,5277574.28,2947822.69,Net 15,Paid,Approved,u.acc1,u.fd,04/08/2026,"Customs clearance (file); Trucking (trip)",IT,CC-150,PRJ-DEMO-02 Pipeline Integrity,Logistics,N,XD362871904250421219984600000,SYNTHETIC SAMPLE — NOT SUMED DATA
017-INV-00012,S017,Sahara Telecom (Demo),02/04/2026,04/04/2026,02/05/2026,PO-DEMO-00012,GRN-DEMO-00012,,EGP,367559.04,51458.27,11026.77,419017.31,419017.31,Net 30,Paid,Approved,u.acc1,u.dm.mar,04/04/2026,Support (month),IT,CC-150,,IT & Telecom,N,XD100406138710123687869800000,SYNTHETIC SAMPLE — NOT SUMED DATA
002-INV-00013,S002,Delta Pipeline Works (Demo),29/01/2026,31/01/2026,15/03/2026,PO-DEMO-00013,GRN-DEMO-00013,C-DEMO-002,EGP,175527.29,24573.82,1755.27,200101.11,200101.11,Net 45,Paid,Approved,u.acc2,u.dm.mar,02/02/2026,Flange gasket set,Finance,CC-160,PRJ-DEMO-03 Digital Ops,Pipeline Maintenance,N,XD640322103520350880749600000,SYNTHETIC SAMPLE — NOT SUMED DATA
011-INV-00014,S011,Red Sea Marine (Demo),03/05/2026,05/05/2026,17/06/2026,PO-DEMO-00014,GRN-DEMO-00014,C-DEMO-006,USD,16673.18,2334.25,166.73,19007.43,19007.43,Net 45,Paid,Approved,u.acc1,u.dm.mnt,07/05/2026,Floating hose section,Administration,CC-170,PRJ-DEMO-02 Pipeline Integrity,Marine Services,N,XD810439693948117006241200000,SYNTHETIC SAMPLE — NOT SUMED DATA
013-INV-00015,S013,Giza Pipe Coating (Demo),23/07/2026,25/07/2026,21/09/2026,PO-DEMO-00015,GRN-DEMO-00015,C-DEMO-008,EGP,709930.24,99390.23,7099.3,809320.47,809320.47,Net 60,Paid,Approved,u.acc2,u.dm.mar,27/07/2026,"Pipe coating (m²); Cleaning pig unit",Finance,CC-160,PRJ-DEMO-01 Terminal Upgrade,Pipeline Maintenance,N,XD610473249186110334929400000,SYNTHETIC SAMPLE — NOT SUMED DATA
001-INV-00016,S001,Alpha Marine Services (Demo),18/01/2026,20/01/2026,17/02/2026,PO-DEMO-00016,GRN-DEMO-00016,C-DEMO-001,USD,33602.68,4704.38,336.03,38307.06,38307.06,Net 30,Paid,Approved,u.acc2,u.dm.ops,22/01/2026,Floating hose section,HSE,CC-140,PRJ-DEMO-03 Digital Ops,Marine Services,N,XD530372436377354290718700000,SYNTHETIC SAMPLE — NOT SUMED DATA
012-INV-00017,S012,Ocean Spill Response (Demo),04/01/2026,06/01/2026,03/02/2026,PO-DEMO-00017,GRN-DEMO-00017,C-DEMO-007,USD,2276.82,0,0,2276.82,2276.82,Net 30,Paid,Approved,u.acc1,u.dm.ops,07/01/2026,Oil-spill boom (m),Operations,CC-110,PRJ-DEMO-03 Digital Ops,Safety & Environment,N,XD700490026805120416210300000,SYNTHETIC SAMPLE — NOT SUMED DATA
001-INV-00018,S001,Alpha Marine Services (Demo),05/08/2026,07/08/2026,04/09/2026,PO-DEMO-00018,GRN-DEMO-00018,C-DEMO-001,USD,14166.35,1983.29,424.99,16149.64,16149.64,Net 30,Approved,Approved,u.acc1,u.dm.mnt,10/08/2026,Mooring service (call),Operations,CC-110,,Marine Services,N,XD530372436377354290718700000,SYNTHETIC SAMPLE — NOT SUMED DATA
012-INV-00019,S012,Ocean Spill Response (Demo),17/01/2026,19/01/2026,16/02/2026,PO-DEMO-00019,GRN-DEMO-00019,C-DEMO-007,USD,486.51,0,0,486.51,486.51,Net 30,Paid,Approved,u.acc2,u.dm.ops,23/01/2026,Oil-spill boom (m),Finance,CC-160,,Safety & Environment,N,XD700490026805120416210300000,SYNTHETIC SAMPLE — NOT SUMED DATA
008-INV-00020,S008,Coastal Facilities Mgmt (Demo),04/09/2026,06/09/2026,04/10/2026,PO-DEMO-00020,GRN-DEMO-00020,C-DEMO-005,EGP,718727.76,100621.89,21561.83,819349.65,819349.65,2/10 Net 30,Paid,Approved,u.acc1,u.dm.mar,07/09/2026,"Security (month); Cleaning (month)",Marine Terminal,CC-120,PRJ-DEMO-01 Terminal Upgrade,Facilities,N,XD340489879710371181621000000,SYNTHETIC SAMPLE — NOT SUMED DATA
002-INV-00021,S002,Delta Pipeline Works (Demo),06/04/2026,08/04/2026,21/05/2026,PO-DEMO-00021,GRN-DEMO-00021,C-DEMO-002,EGP,1358924.04,190249.37,13589.24,1549173.41,1549173.41,Net 45,Paid,Approved,u.acc2,u.dm.mar,11/04/2026,Cleaning pig unit,Maintenance,CC-130,PRJ-DEMO-02 Pipeline Integrity,Pipeline Maintenance,N,XD640322103520350880749600000,SYNTHETIC SAMPLE — NOT SUMED DATA
003-INV-00022,S003,Nile Safety Supplies (Demo),21/09/2026,23/09/2026,21/10/2026,PO-DEMO-00022,GRN-DEMO-00022,C-DEMO-011,EGP,1288547.75,180396.69,7592.81,1468944.44,865580.06,2/10 Net 30,Approved,Approved,u.acc1,u.dm.mar,26/09/2026,"Gas detector; Oil-spill boom (m); PPE kit",Marine Terminal,CC-120,,Safety & Environment,N,XD730338881139360962030500000,SYNTHETIC SAMPLE — NOT SUMED DATA
018-INV-00023,S018,Euro Valves GmbH (Demo),24/05/2026,26/05/2026,08/07/2026,PO-DEMO-00023,GRN-DEMO-00023,C-DEMO-009,EUR,31072.56,0,0,31072.56,31072.56,Net 45,Paid,Approved,u.acc2,u.dm.mnt,27/05/2026,"Pipe coating (m²); Cleaning pig unit",Marine Terminal,CC-120,PRJ-DEMO-03 Digital Ops,Pipeline Maintenance,N,XD420590692519127225831700000,SYNTHETIC SAMPLE — NOT SUMED DATA
003-INV-00024,S003,Nile Safety Supplies (Demo),27/04/2026,29/04/2026,27/05/2026,PO-DEMO-00024,GRN-DEMO-00024,C-DEMO-011,EGP,91814.64,12854.05,918.15,104668.69,104668.69,2/10 Net 30,Paid,Approved,u.acc1,u.dm.ops,04/05/2026,Oil-spill boom (m),Marine Terminal,CC-120,,Safety & Environment,N,XD730338881139360962030500000,SYNTHETIC SAMPLE — NOT SUMED DATA
003-INV-00025,S003,Nile Safety Supplies (Demo),02/08/2026,04/08/2026,01/09/2026,PO-DEMO-00025,GRN-DEMO-00025,C-DEMO-011,EGP,1073511.9,150291.67,10735.12,1223803.57,1223803.57,2/10 Net 30,Paid,Approved,u.acc2,u.dm.mnt,08/08/2026,"Gas detector; Oil-spill boom (m); PPE kit",Marine Terminal,CC-120,PRJ-DEMO-01 Terminal Upgrade,Safety & Environment,Y,XD730338881139360962030500000,SYNTHETIC SAMPLE — NOT SUMED DATA
001-INV-00026,S001,Alpha Marine Services (Demo),07/09/2026,09/09/2026,07/10/2026,PO-DEMO-00026,GRN-DEMO-00026,C-DEMO-001,USD,18383.55,2573.7,551.51,20957.25,20957.25,Net 30,Approved,Approved,u.acc1,u.dm.mnt,15/09/2026,"Tug assistance (hour); Mooring service (call)",Administration,CC-170,PRJ-DEMO-03 Digital Ops,Marine Services,N,XD530372436377354290718700000,SYNTHETIC SAMPLE — NOT SUMED DATA
007-INV-00027,S007,Canal Logistics (Demo),29/08/2026,31/08/2026,28/09/2026,PO-DEMO-00027,GRN-DEMO-00027,,EGP,911648.16,127630.74,27349.44,1039278.9,1039278.9,Net 30,Paid,Approved,u.acc1,u.dm.mar,31/08/2026,Customs clearance (file),HSE,CC-140,PRJ-DEMO-03 Digital Ops,Logistics,N,XD710405991615374453280500000,SYNTHETIC SAMPLE — NOT SUMED DATA
012-INV-00028,S012,Ocean Spill Response (Demo),09/01/2026,11/01/2026,08/02/2026,PO-DEMO-00028,GRN-DEMO-00028,C-DEMO-007,USD,1996.15,0,0,1996.15,1996.15,Net 30,Paid,Approved,u.acc2,u.dm.mnt,12/01/2026,PPE kit,IT,CC-150,,Safety & Environment,N,XD700490026805120416210300000,SYNTHETIC SAMPLE — NOT SUMED DATA
013-INV-00029,S013,Giza Pipe Coating (Demo),07/01/2026,09/01/2026,08/03/2026,PO-DEMO-00029,GRN-DEMO-00029,C-DEMO-008,EGP,158742.98,22224.02,1587.43,180967,180967,Net 60,Paid,Approved,u.acc2,u.dm.mar,10/01/2026,"Flange gasket set; Pipe coating (m²)",Administration,CC-170,,Pipeline Maintenance,N,XD610473249186110334929400000,SYNTHETIC SAMPLE — NOT SUMED DATA
003-INV-00030,S003,Nile Safety Supplies (Demo),10/01/2026,12/01/2026,09/02/2026,PO-DEMO-00030,GRN-DEMO-00030,C-DEMO-011,EGP,82637.44,11569.24,826.37,94206.68,94206.68,2/10 Net 30,Approved,Approved,u.acc1,u.dm.mnt,18/01/2026,PPE kit,HSE,CC-140,PRJ-DEMO-02 Pipeline Integrity,Safety & Environment,N,XD730338881139360962030500000,SYNTHETIC SAMPLE — NOT SUMED DATA
006-INV-00031,S006,Pharos Spare Parts (Demo),04/07/2026,06/07/2026,18/08/2026,PO-DEMO-00031,GRN-DEMO-00031,,EGP,2122755.32,297185.74,21227.55,2419941.06,2419941.06,Net 45,Paid,Approved,u.acc1,u.dm.ops,08/07/2026,"Mechanical seal; Flange gasket set; Bearing set",Marine Terminal,CC-120,PRJ-DEMO-03 Digital Ops,Spare Parts,N,XD620389213996364371999600000,SYNTHETIC SAMPLE — NOT SUMED DATA
002-INV-00032,S002,Delta Pipeline Works (Demo),28/04/2026,30/04/2026,12/06/2026,PO-DEMO-00032,GRN-DEMO-00032,C-DEMO-002,EGP,626373.27,87692.26,6263.73,714065.53,714065.53,Net 45,Approved,Approved,u.acc1,u.dm.mar,06/05/2026,"Cleaning pig unit; Pipe coating (m²)",Finance,CC-160,,Pipeline Maintenance,N,XD640322103520350880749600000,SYNTHETIC SAMPLE — NOT SUMED DATA
005-INV-00033,S005,Mediterranean Engineering (Demo),06/09/2026,08/09/2026,05/11/2026,PO-DEMO-00033,GRN-DEMO-00033,C-DEMO-004,EUR,6688.34,0,0,6688.34,6688.34,Net 60,Approved,Approved,u.acc2,u.dm.ops,08/09/2026,Design review (package),Administration,CC-170,PRJ-DEMO-03 Digital Ops,Engineering Services,N,XD450439546853367771651900000,SYNTHETIC SAMPLE — NOT SUMED DATA
011-INV-00034,S011,Red Sea Marine (Demo),21/11/2025,23/11/2025,05/01/2026,PO-DEMO-00034,GRN-DEMO-00034,C-DEMO-006,USD,25104.36,3514.61,251.04,28618.97,28618.97,Net 45,Paid,Approved,u.acc2,u.dm.mnt,25/11/2025,Floating hose section,Marine Terminal,CC-120,,Marine Services,N,XD810439693948117006241200000,SYNTHETIC SAMPLE — NOT SUMED DATA
010-INV-00035,S010,Sinai Spare Parts (Demo),11/01/2026,13/01/2026,10/02/2026,PO-DEMO-00035,GRN-DEMO-00035,,EGP,1040999.25,145739.9,10409.99,1186739.15,1186739.15,Net 30,Paid,Approved,u.acc2,u.dm.mnt,15/01/2026,Bearing set,Marine Terminal,CC-120,,Spare Parts,N,XD960456471567127097838900000,SYNTHETIC SAMPLE — NOT SUMED DATA
002-INV-00036,S002,Delta Pipeline Works (Demo),07/02/2026,09/02/2026,24/03/2026,PO-DEMO-00036,GRN-DEMO-00036,C-DEMO-002,EGP,308730.02,43222.2,3087.3,351952.22,351952.22,Net 45,Paid,Approved,u.acc1,u.dm.mar,12/02/2026,"Pipe coating (m²); Flange gasket set",Maintenance,CC-130,,Pipeline Maintenance,N,XD640322103520350880749600000,SYNTHETIC SAMPLE — NOT SUMED DATA
013-INV-00037,S013,Giza Pipe Coating (Demo),14/08/2026,16/08/2026,13/10/2026,PO-DEMO-00037,GRN-DEMO-00037,C-DEMO-008,EGP,270366.31,37851.28,2703.66,308217.59,308217.59,Net 60,Approved,Approved,u.acc2,u.dm.mnt,16/08/2026,"Cleaning pig unit; Pipe coating (m²)",Maintenance,CC-130,PRJ-DEMO-02 Pipeline Integrity,Pipeline Maintenance,N,XD610473249186110334929400000,SYNTHETIC SAMPLE — NOT SUMED DATA
011-INV-00038,S011,Red Sea Marine (Demo),10/08/2026,12/08/2026,24/09/2026,PO-DEMO-00038,GRN-DEMO-00038,C-DEMO-006,USD,36866.3,5161.28,1105.99,42027.58,42027.58,Net 45,Approved,Approved,u.acc2,u.dm.mar,18/08/2026,"Tug assistance (hour); Floating hose section",Maintenance,CC-130,,Marine Services,N,XD810439693948117006241200000,SYNTHETIC SAMPLE — NOT SUMED DATA
002-INV-00039,S002,Delta Pipeline Works (Demo),17/12/2025,19/12/2025,31/01/2026,PO-DEMO-00039,GRN-DEMO-00039,C-DEMO-002,EGP,69452.91,9723.41,694.53,79176.32,79176.32,Net 45,Paid,Approved,u.acc1,u.dm.mnt,24/12/2025,Pipe coating (m²),Maintenance,CC-130,PRJ-DEMO-03 Digital Ops,Pipeline Maintenance,N,XD640322103520350880749600000,SYNTHETIC SAMPLE — NOT SUMED DATA
013-INV-00040,S013,Giza Pipe Coating (Demo),06/11/2025,08/11/2025,05/01/2026,PO-DEMO-00040,GRN-DEMO-00040,C-DEMO-008,EGP,464325.24,65005.53,4643.25,529330.77,529330.77,Net 60,Paid,Approved,u.acc2,u.dm.mar,09/11/2025,"Flange gasket set; Gate valve 24""",Marine Terminal,CC-120,,Pipeline Maintenance,N,XD610473249186110334929400000,SYNTHETIC SAMPLE — NOT SUMED DATA
006-INV-00041,S006,Pharos Spare Parts (Demo),22/04/2026,24/04/2026,06/06/2026,PO-DEMO-00041,GRN-DEMO-00041,,EGP,2029088.4,284072.38,20290.88,2313160.78,2313160.78,Net 45,Paid,Approved,u.acc1,u.dm.mar,27/04/2026,"Pump impeller; Mechanical seal",Operations,CC-110,PRJ-DEMO-03 Digital Ops,Spare Parts,N,XD620389213996364371999600000,SYNTHETIC SAMPLE — NOT SUMED DATA
004-INV-00042,S004,Horizon IT Solutions (Demo),01/09/2026,03/09/2026,01/10/2026,PO-DEMO-00042,GRN-DEMO-00042,C-DEMO-003,EGP,363553.98,50897.56,10906.62,414451.54,414451.54,Net 30,Paid,Approved,u.acc2,u.dm.ops,08/09/2026,Support (month),IT,CC-150,PRJ-DEMO-02 Pipeline Integrity,IT & Telecom,N,XD360422769234357690371000000,SYNTHETIC SAMPLE — NOT SUMED DATA
016-INV-00043,S016,Bright Cleaning (Demo),07/08/2026,09/08/2026,06/09/2026,PO-DEMO-00044,GRN-DEMO-00043,C-DEMO-010,EGP,148375.01,20772.5,4451.25,169147.51,169147.51,2/10 Net 30,Paid,Approved,u.acc1,u.dm.mnt,11/08/2026,Cleaning (month),Administration,CC-170,,Facilities,N,XD720422916329106924960300000,SYNTHETIC SAMPLE — NOT SUMED DATA
017-INV-00044,S017,Sahara Telecom (Demo),06/12/2025,08/12/2025,05/01/2026,PO-DEMO-00045,GRN-DEMO-00044,,EGP,364828.26,51075.96,10944.85,415904.22,415904.22,Net 30,Paid,Approved,u.acc1,u.dm.mnt,14/12/2025,Support (month),Marine Terminal,CC-120,,IT & Telecom,N,XD100406138710123687869800000,SYNTHETIC SAMPLE — NOT SUMED DATA
001-INV-00045,S001,Alpha Marine Services (Demo),26/12/2025,28/12/2025,25/01/2026,PO-DEMO-00046,GRN-DEMO-00045,C-DEMO-001,USD,29227.47,4091.85,292.27,33319.32,33319.32,Net 30,Paid,Approved,u.acc2,u.dm.mnt,31/12/2025,"Floating hose section; Mooring service (call)",Finance,CC-160,,Marine Services,N,XD530372436377354290718700000,SYNTHETIC SAMPLE — NOT SUMED DATA
004-INV-00046,S004,Horizon IT Solutions (Demo),21/01/2026,23/01/2026,20/02/2026,PO-DEMO-00047,GRN-DEMO-00046,C-DEMO-003,EGP,945499.09,132369.87,28364.97,1077868.96,1077868.96,Net 30,Paid,Approved,u.acc2,u.dm.mar,23/01/2026,"Software licence (user/yr); Server node",HSE,CC-140,PRJ-DEMO-02 Pipeline Integrity,IT & Telecom,N,XD360422769234357690371000000,SYNTHETIC SAMPLE — NOT SUMED DATA
014-INV-00047,S014,Lotus Trading (Demo),26/09/2026,28/09/2026,26/10/2026,PO-DEMO-00048,GRN-DEMO-00047,,EGP,1098053.88,153727.54,10980.54,1251781.42,1251781.42,Net 30,Approved,Approved,u.acc1,u.dm.mnt,28/09/2026,"Mechanical seal; Flange gasket set; Bearing set",Finance,CC-160,PRJ-DEMO-03 Digital Ops,Spare Parts,N,XD980389361091113606588900000,SYNTHETIC SAMPLE — NOT SUMED DATA
016-INV-00048,S016,Bright Cleaning (Demo),18/01/2026,20/01/2026,17/02/2026,PO-DEMO-00049,GRN-DEMO-00048,,EGP,585745.32,82004.34,17572.36,667749.66,667749.66,2/10 Net 30,Paid,Approved,u.acc1,u.dm.ops,21/01/2026,Cleaning (month),Administration,CC-170,PRJ-DEMO-01 Terminal Upgrade,Facilities,N,XD720422916329106924960300000,SYNTHETIC SAMPLE — NOT SUMED DATA
002-INV-00049,S002,Delta Pipeline Works (Demo),27/01/2026,29/01/2026,13/03/2026,PO-DEMO-00050,GRN-DEMO-00049,C-DEMO-002,EGP,1202711.68,168379.64,12027.12,1371091.32,1371091.32,Net 45,Paid,Approved,u.acc2,u.dm.mar,29/01/2026,Cleaning pig unit,Maintenance,CC-130,PRJ-DEMO-01 Terminal Upgrade,Pipeline Maintenance,N,XD640322103520350880749600000,SYNTHETIC SAMPLE — NOT SUMED DATA
013-INV-00050,S013,Giza Pipe Coating (Demo),05/12/2025,07/12/2025,03/02/2026,PO-DEMO-00051,GRN-DEMO-00050,C-DEMO-008,EGP,147078.75,20591.03,1470.79,167669.78,167669.78,Net 60,Paid,Approved,u.acc1,u.dm.mnt,08/12/2025,Flange gasket set,HSE,CC-140,,Pipeline Maintenance,Y,XD610473249186110334929400000,SYNTHETIC SAMPLE — NOT SUMED DATA
002-INV-00051,S002,Delta Pipeline Works (Demo),14/09/2026,16/09/2026,29/10/2026,PO-DEMO-00052,GRN-DEMO-00051,C-DEMO-002,EGP,987520.38,138252.85,9875.2,1125773.23,1125773.23,Net 45,Approved,Approved,u.acc2,u.dm.mnt,16/09/2026,"Cleaning pig unit; Flange gasket set; Gate valve 24""",Finance,CC-160,,Pipeline Maintenance,N,XD640322103520350880749600000,SYNTHETIC SAMPLE — NOT SUMED DATA
004-INV-00052,S004,Horizon IT Solutions (Demo),14/03/2026,16/03/2026,13/04/2026,PO-DEMO-00053,GRN-DEMO-00052,C-DEMO-003,EGP,1943092.62,272032.97,58292.78,2215125.59,2215125.59,Net 30,Paid,Approved,u.acc2,u.dm.ops,19/03/2026,"Software licence (user/yr); Server node; Support (month)",Finance,CC-160,PRJ-DEMO-02 Pipeline Integrity,IT & Telecom,N,XD360422769234357690371000000,SYNTHETIC SAMPLE — NOT SUMED DATA
001-INV-00053,S001,Alpha Marine Services (Demo),07/12/2025,09/12/2025,06/01/2026,PO-DEMO-00054,GRN-DEMO-00053,C-DEMO-001,USD,18057.12,2528,541.71,20585.12,20585.12,Net 30,Paid,Approved,u.acc1,u.dm.ops,15/12/2025,"Mooring service (call); Floating hose section",IT,CC-150,,Marine Services,N,XD530372436377354290718700000,SYNTHETIC SAMPLE — NOT SUMED DATA
001-INV-00054,S001,Alpha Marine Services (Demo),26/08/2026,28/08/2026,25/09/2026,PO-DEMO-00055,GRN-DEMO-00054,C-DEMO-001,USD,24586.19,3442.07,737.59,28028.26,28028.26,Net 30,Approved,Approved,u.acc1,u.dm.ops,30/08/2026,Mooring service (call),Operations,CC-110,,Marine Services,N,XD530372436377354290718700000,SYNTHETIC SAMPLE — NOT SUMED DATA
004-INV-00055,S004,Horizon IT Solutions (Demo),06/09/2026,08/09/2026,06/10/2026,PO-DEMO-00056,GRN-DEMO-00055,C-DEMO-003,EGP,309639.16,43349.48,9289.17,352988.64,352988.64,Net 30,Approved,Approved,u.acc2,u.dm.mar,14/09/2026,Software licence (user/yr),Maintenance,CC-130,PRJ-DEMO-03 Digital Ops,IT & Telecom,N,XD360422769234357690371000000,SYNTHETIC SAMPLE — NOT SUMED DATA
018-INV-00056,S018,Euro Valves GmbH (Demo),23/05/2026,25/05/2026,07/07/2026,PO-DEMO-00057,GRN-DEMO-00056,C-DEMO-009,EUR,69.68,0,0,69.68,69.68,Net 45,Paid,Approved,u.acc1,u.dm.mnt,28/05/2026,Pipe coating (m²),Administration,CC-170,,Pipeline Maintenance,N,XD420590692519127225831700000,SYNTHETIC SAMPLE — NOT SUMED DATA
001-INV-00057,S001,Alpha Marine Services (Demo),16/07/2026,18/07/2026,15/08/2026,PO-DEMO-00058,GRN-DEMO-00057,C-DEMO-001,USD,5587.33,782.23,167.62,6369.56,6369.56,Net 30,Approved,Approved,u.acc2,u.dm.mar,24/07/2026,Tug assistance (hour),Marine Terminal,CC-120,,Marine Services,N,XD530372436377354290718700000,SYNTHETIC SAMPLE — NOT SUMED DATA
002-INV-00058,S002,Delta Pipeline Works (Demo),14/07/2026,16/07/2026,28/08/2026,PO-DEMO-00059,GRN-DEMO-00058,C-DEMO-002,EGP,472137.55,66099.26,4721.38,538236.81,538236.81,Net 45,Paid,Approved,u.acc1,u.dm.mnt,22/07/2026,"Cleaning pig unit; Flange gasket set",Finance,CC-160,PRJ-DEMO-01 Terminal Upgrade,Pipeline Maintenance,N,XD640322103520350880749600000,SYNTHETIC SAMPLE — NOT SUMED DATA
006-INV-00059,S006,Pharos Spare Parts (Demo),29/08/2026,31/08/2026,13/10/2026,PO-DEMO-00060,GRN-DEMO-00059,,EGP,675150.14,94521.02,6751.5,769671.16,769671.16,Net 45,Approved,Approved,u.acc1,u.dm.mnt,01/09/2026,Pump impeller,Maintenance,CC-130,PRJ-DEMO-03 Digital Ops,Spare Parts,N,XD620389213996364371999600000,SYNTHETIC SAMPLE — NOT SUMED DATA
008-INV-00060,S008,Coastal Facilities Mgmt (Demo),14/05/2026,16/05/2026,13/06/2026,PO-DEMO-00061,GRN-DEMO-00060,C-DEMO-005,EGP,578170.73,80943.9,17345.12,659114.63,659114.63,2/10 Net 30,Paid,Approved,u.acc2,u.dm.ops,16/05/2026,"Cleaning (month); Security (month)",Marine Terminal,CC-120,,Facilities,N,XD340489879710371181621000000,SYNTHETIC SAMPLE — NOT SUMED DATA
002-INV-00061,S002,Delta Pipeline Works (Demo),14/01/2026,16/01/2026,28/02/2026,PO-DEMO-00062,GRN-DEMO-00061,C-DEMO-002,EGP,1437334.28,201226.8,14373.34,1638561.08,1638561.08,Net 45,Paid,Approved,u.acc2,u.dm.mar,19/01/2026,"Gate valve 24""; Flange gasket set",Finance,CC-160,PRJ-DEMO-01 Terminal Upgrade,Pipeline Maintenance,Y,XD640322103520350880749600000,SYNTHETIC SAMPLE — NOT SUMED DATA
002-INV-00062,S002,Delta Pipeline Works (Demo),27/06/2026,29/06/2026,11/08/2026,PO-DEMO-00063,GRN-DEMO-00062,C-DEMO-002,EGP,22450.3,3143.04,224.5,25593.34,25593.34,Net 45,Paid,Approved,u.acc1,u.dm.mar,30/06/2026,Pipe coating (m²),Marine Terminal,CC-120,,Pipeline Maintenance,N,XD640322103520350880749600000,SYNTHETIC SAMPLE — NOT SUMED DATA
004-INV-00063,S004,Horizon IT Solutions (Demo),07/04/2026,09/04/2026,07/05/2026,PO-DEMO-00064,GRN-DEMO-00063,C-DEMO-003,EGP,800255.94,112035.83,24007.68,912291.77,912291.77,Net 30,Paid,Approved,u.acc1,u.dm.mnt,12/04/2026,"Software licence (user/yr); Support (month)",HSE,CC-140,PRJ-DEMO-01 Terminal Upgrade,IT & Telecom,N,XD360422769234357690371000000,SYNTHETIC SAMPLE — NOT SUMED DATA
013-INV-00064,S013,Giza Pipe Coating (Demo),01/08/2026,03/08/2026,30/09/2026,PO-DEMO-00065,GRN-DEMO-00064,C-DEMO-008,EGP,1375441.74,192561.84,13754.42,1568003.58,1568003.58,Net 60,Approved,Approved,u.acc1,u.dm.mnt,08/08/2026,Cleaning pig unit,HSE,CC-140,,Pipeline Maintenance,N,XD610473249186110334929400000,SYNTHETIC SAMPLE — NOT SUMED DATA
017-INV-00065,S017,Sahara Telecom (Demo),16/06/2026,18/06/2026,16/07/2026,PO-DEMO-00066,GRN-DEMO-00065,,EGP,1562780.59,218789.28,46883.42,1781569.87,1781569.87,Net 30,Paid,Approved,u.acc1,u.dm.ops,18/06/2026,"Software licence (user/yr); Support (month)",Operations,CC-110,,IT & Telecom,N,XD100406138710123687869800000,SYNTHETIC SAMPLE — NOT SUMED DATA
002-INV-00066,S002,Delta Pipeline Works (Demo),27/09/2026,29/09/2026,11/11/2026,PO-DEMO-00067,GRN-DEMO-00066,C-DEMO-002,EGP,69505.2,9730.73,695.05,79235.93,79235.93,Net 45,Approved,Approved,u.acc1,u.dm.mnt,29/09/2026,Pipe coating (m²),IT,CC-150,PRJ-DEMO-01 Terminal Upgrade,Pipeline Maintenance,N,XD640322103520350880749600000,SYNTHETIC SAMPLE — NOT SUMED DATA
004-INV-00067,S004,Horizon IT Solutions (Demo),30/09/2026,02/10/2026,30/10/2026,PO-DEMO-00068,GRN-DEMO-00067,C-DEMO-003,EGP,833234.22,116652.79,24997.03,949887.01,949887.01,Net 30,Approved,Approved,u.acc2,u.dm.mnt,03/10/2026,Software licence (user/yr),Finance,CC-160,PRJ-DEMO-01 Terminal Upgrade,IT & Telecom,N,XD360422769234357690371000000,SYNTHETIC SAMPLE — NOT SUMED DATA
001-INV-00068,S001,Alpha Marine Services (Demo),04/08/2026,06/08/2026,03/09/2026,PO-DEMO-00069,GRN-DEMO-00068,C-DEMO-001,USD,16509.6,2311.34,495.29,18820.94,18820.94,Net 30,Paid,Approved,u.acc1,u.dm.mar,11/08/2026,"Tug assistance (hour); Floating hose section",Operations,CC-110,,Marine Services,N,XD530372436377354290718700000,SYNTHETIC SAMPLE — NOT SUMED DATA
001-INV-00069,S001,Alpha Marine Services (Demo),16/02/2026,18/02/2026,18/03/2026,PO-DEMO-00070,GRN-DEMO-00069,C-DEMO-001,USD,15519.03,2172.66,465.57,17691.69,17691.69,Net 30,Paid,Approved,u.acc1,u.dm.ops,23/02/2026,"Tug assistance (hour); Mooring service (call)",HSE,CC-140,PRJ-DEMO-02 Pipeline Integrity,Marine Services,N,XD530372436377354290718700000,SYNTHETIC SAMPLE — NOT SUMED DATA
022-INV-00070,S022,Quick Courier (Demo),18/04/2026,20/04/2026,03/05/2026,PO-DEMO-00071,GRN-DEMO-00070,,EGP,1020848.4,142918.78,30625.45,1163767.18,1163767.18,Net 15,Paid,Approved,u.acc2,u.dm.ops,25/04/2026,Trucking (trip),IT,CC-150,,Logistics,N,XD362871904250421219984600000,SYNTHETIC SAMPLE — NOT SUMED DATA
002-INV-00071,S002,Delta Pipeline Works (Demo),13/08/2026,15/08/2026,27/09/2026,PO-DEMO-00072,GRN-DEMO-00071,C-DEMO-002,EGP,628519.57,87992.74,6285.2,716512.31,716512.31,Net 45,Paid,Approved,u.acc1,u.dm.ops,16/08/2026,"Gate valve 24""; Cleaning pig unit",Administration,CC-170,PRJ-DEMO-02 Pipeline Integrity,Pipeline Maintenance,N,XD640322103520350880749600000,SYNTHETIC SAMPLE — NOT SUMED DATA
017-INV-00072,S017,Sahara Telecom (Demo),09/01/2026,11/01/2026,08/02/2026,PO-DEMO-00073,GRN-DEMO-00072,,EGP,359827.59,50375.86,10794.83,410203.45,410203.45,Net 30,Paid,Approved,u.acc1,u.dm.mar,14/01/2026,Software licence (user/yr),HSE,CC-140,,IT & Telecom,N,XD100406138710123687869800000,SYNTHETIC SAMPLE — NOT SUMED DATA
002-INV-00073,S002,Delta Pipeline Works (Demo),24/01/2026,26/01/2026,10/03/2026,PO-DEMO-00074,GRN-DEMO-00073,C-DEMO-002,EGP,29242.43,4093.94,292.42,33336.37,33336.37,Net 45,Paid,Approved,u.acc1,u.dm.ops,01/02/2026,Flange gasket set,Finance,CC-160,,Pipeline Maintenance,N,XD640322103520350880749600000,SYNTHETIC SAMPLE — NOT SUMED DATA
005-INV-00074,S005,Mediterranean Engineering (Demo),25/09/2026,27/09/2026,24/11/2026,PO-DEMO-00075,GRN-DEMO-00074,C-DEMO-004,EUR,18790.14,0,0,18790.14,18790.14,Net 60,Approved,Approved,u.acc2,u.dm.mnt,27/09/2026,"Design review (package); Inspection (day)",Operations,CC-110,,Engineering Services,N,XD450439546853367771651900000,SYNTHETIC SAMPLE — NOT SUMED DATA
022-INV-00075,S022,Quick Courier (Demo),17/01/2026,19/01/2026,01/02/2026,PO-DEMO-00076,GRN-DEMO-00075,,EGP,1477013.74,206781.92,44310.41,1683795.66,1683795.66,Net 15,Paid,Approved,u.acc2,u.dm.mar,22/01/2026,"Trucking (trip); Customs clearance (file)",Marine Terminal,CC-120,PRJ-DEMO-01 Terminal Upgrade,Logistics,N,XD362871904250421219984600000,SYNTHETIC SAMPLE — NOT SUMED DATA
014-INV-00076,S014,Lotus Trading (Demo),06/03/2026,08/03/2026,05/04/2026,PO-DEMO-00077,GRN-DEMO-00076,,EGP,1266200,177268,12662,1443468,1443468,Net 30,Paid,Approved,u.acc1,u.dm.mar,14/03/2026,Bearing set,Finance,CC-160,PRJ-DEMO-03 Digital Ops,Spare Parts,N,XD980389361091113606588900000,SYNTHETIC SAMPLE — NOT SUMED DATA
018-INV-00077,S018,Euro Valves GmbH (Demo),22/07/2026,24/07/2026,05/09/2026,PO-DEMO-00078,GRN-DEMO-00077,C-DEMO-009,EUR,13823.32,0,0,13823.32,13823.32,Net 45,Paid,Approved,u.acc1,u.dm.ops,29/07/2026,"Gate valve 24""",IT,CC-150,,Pipeline Maintenance,N,XD420590692519127225831700000,SYNTHETIC SAMPLE — NOT SUMED DATA
002-INV-00078,S002,Delta Pipeline Works (Demo),02/12/2025,04/12/2025,16/01/2026,PO-DEMO-00079,GRN-DEMO-00078,C-DEMO-002,EGP,224310.16,31403.42,2243.1,255713.58,255713.58,Net 45,Paid,Approved,u.acc2,u.dm.mar,05/12/2025,"Cleaning pig unit; Flange gasket set; Pipe coating (m²)",Maintenance,CC-130,PRJ-DEMO-03 Digital Ops,Pipeline Maintenance,N,XD640322103520350880749600000,SYNTHETIC SAMPLE — NOT SUMED DATA
011-INV-00079,S011,Red Sea Marine (Demo),21/03/2026,23/03/2026,05/05/2026,PO-DEMO-00080,GRN-DEMO-00079,C-DEMO-006,USD,5339.11,747.48,160.17,6086.59,6086.59,Net 45,Paid,Approved,u.acc1,u.dm.mar,26/03/2026,Tug assistance (hour),IT,CC-150,PRJ-DEMO-01 Terminal Upgrade,Marine Services,Y,XD810439693948117006241200000,SYNTHETIC SAMPLE — NOT SUMED DATA
011-INV-00080,S011,Red Sea Marine (Demo),14/06/2026,16/06/2026,29/07/2026,PO-DEMO-00081,GRN-DEMO-00080,C-DEMO-006,USD,22821.82,3195.05,684.65,26016.87,26016.87,Net 45,Paid,Approved,u.acc2,u.dm.mar,16/06/2026,Mooring service (call),IT,CC-150,,Marine Services,N,XD810439693948117006241200000,SYNTHETIC SAMPLE — NOT SUMED DATA
014-INV-00081,S014,Lotus Trading (Demo),11/12/2025,13/12/2025,10/01/2026,PO-DEMO-00082,GRN-DEMO-00081,,EGP,1686985.14,236177.92,16869.85,1923163.06,1923163.06,Net 30,Paid,Approved,u.acc1,u.dm.mar,16/12/2025,Bearing set,IT,CC-150,PRJ-DEMO-03 Digital Ops,Spare Parts,N,XD980389361091113606588900000,SYNTHETIC SAMPLE — NOT SUMED DATA
001-INV-00082,S001,Alpha Marine Services (Demo),29/04/2026,01/05/2026,29/05/2026,PO-DEMO-00083,GRN-DEMO-00082,C-DEMO-001,USD,3148.64,440.81,94.46,3589.45,3589.45,Net 30,Paid,Approved,u.acc2,u.dm.ops,04/05/2026,Tug assistance (hour),Administration,CC-170,PRJ-DEMO-01 Terminal Upgrade,Marine Services,N,XD530372436377354290718700000,SYNTHETIC SAMPLE — NOT SUMED DATA
002-INV-00083,S002,Delta Pipeline Works (Demo),23/07/2026,25/07/2026,06/09/2026,PO-DEMO-00084,GRN-DEMO-00083,C-DEMO-002,EGP,117872.44,16502.14,1178.72,134374.58,134374.58,Net 45,Paid,Approved,u.acc2,u.dm.mar,29/07/2026,Flange gasket set,Administration,CC-170,PRJ-DEMO-01 Terminal Upgrade,Pipeline Maintenance,N,XD640322103520350880749600000,SYNTHETIC SAMPLE — NOT SUMED DATA
001-INV-00084,S001,Alpha Marine Services (Demo),10/09/2026,12/09/2026,10/10/2026,PO-DEMO-00085,GRN-DEMO-00084,C-DEMO-001,USD,68530.98,9594.34,685.31,78125.32,78125.32,Net 30,Approved,Approved,u.acc2,u.dm.ops,14/09/2026,"Floating hose section; Mooring service (call)",Operations,CC-110,,Marine Services,N,XD530372436377354290718700000,SYNTHETIC SAMPLE — NOT SUMED DATA
018-INV-00085,S018,Euro Valves GmbH (Demo),25/07/2026,27/07/2026,08/09/2026,PO-DEMO-00086,GRN-DEMO-00085,C-DEMO-009,EUR,1883.52,0,0,1883.52,1883.52,Net 45,Paid,Approved,u.acc2,u.dm.ops,29/07/2026,Pipe coating (m²),Operations,CC-110,PRJ-DEMO-02 Pipeline Integrity,Pipeline Maintenance,N,XD420590692519127225831700000,SYNTHETIC SAMPLE — NOT SUMED DATA
004-INV-00086,S004,Horizon IT Solutions (Demo),06/09/2026,08/09/2026,06/10/2026,PO-DEMO-00087,GRN-DEMO-00086,C-DEMO-003,EGP,1294727.94,181261.91,38841.84,1475989.85,1475989.85,Net 30,Approved,Approved,u.acc2,u.dm.mnt,08/09/2026,"Software licence (user/yr); Server node",Marine Terminal,CC-120,PRJ-DEMO-02 Pipeline Integrity,IT & Telecom,N,XD360422769234357690371000000,SYNTHETIC SAMPLE — NOT SUMED DATA
001-INV-00087,S001,Alpha Marine Services (Demo),13/01/2026,15/01/2026,12/02/2026,PO-DEMO-00088,GRN-DEMO-00087,C-DEMO-001,USD,40977.95,5736.91,409.78,46714.86,46714.86,Net 30,Approved,Approved,u.acc1,u.dm.mnt,19/01/2026,"Floating hose section; Tug assistance (hour)",HSE,CC-140,,Marine Services,N,XD530372436377354290718700000,SYNTHETIC SAMPLE — NOT SUMED DATA
007-INV-00088,S007,Canal Logistics (Demo),21/01/2026,23/01/2026,20/02/2026,PO-DEMO-00089,GRN-DEMO-00088,,EGP,495367.86,69351.5,14861.04,564719.36,564719.36,Net 30,Paid,Approved,u.acc2,u.dm.mar,29/01/2026,Trucking (trip),IT,CC-150,,Logistics,N,XD710405991615374453280500000,SYNTHETIC SAMPLE — NOT SUMED DATA
003-INV-00089,S003,Nile Safety Supplies (Demo),18/01/2026,20/01/2026,17/02/2026,PO-DEMO-00090,GRN-DEMO-00089,C-DEMO-011,EGP,1221519.16,171012.68,12215.19,1392531.84,1392531.84,2/10 Net 30,Paid,Approved,u.acc1,u.dm.mar,26/01/2026,"Gas detector; Oil-spill boom (m); PPE kit",Finance,CC-160,,Safety & Environment,N,XD730338881139360962030500000,SYNTHETIC SAMPLE — NOT SUMED DATA
002-INV-00090,S002,Delta Pipeline Works (Demo),08/12/2025,10/12/2025,22/01/2026,PO-DEMO-00091,GRN-DEMO-00090,C-DEMO-002,EGP,277147.85,38800.7,2771.48,315948.55,315948.55,Net 45,Paid,Approved,u.acc1,u.dm.mar,11/12/2025,"Flange gasket set; Gate valve 24""",IT,CC-150,,Pipeline Maintenance,N,XD640322103520350880749600000,SYNTHETIC SAMPLE — NOT SUMED DATA
004-INV-00091,S004,Horizon IT Solutions (Demo),12/12/2025,14/12/2025,11/01/2026,PO-DEMO-00092,GRN-DEMO-00091,,EGP,674362.32,94410.72,20230.87,768773.04,768773.04,Net 30,Paid,Approved,u.acc2,u.dm.mar,14/12/2025,"Software licence (user/yr); Support (month)",Operations,CC-110,,IT & Telecom,N,XD360422769234357690371000000,SYNTHETIC SAMPLE — NOT SUMED DATA
011-INV-00092,S011,Red Sea Marine (Demo),29/06/2026,01/07/2026,13/08/2026,PO-DEMO-00093,GRN-DEMO-00092,C-DEMO-006,USD,16855.42,2359.76,168.55,19215.18,19215.18,Net 45,Paid,Approved,u.acc1,u.dm.mnt,02/07/2026,Floating hose section,Administration,CC-170,,Marine Services,N,XD810439693948117006241200000,SYNTHETIC SAMPLE — NOT SUMED DATA
002-INV-00093,S002,Delta Pipeline Works (Demo),11/11/2025,13/11/2025,26/12/2025,PO-DEMO-00094,GRN-DEMO-00093,C-DEMO-002,EGP,725164.88,101523.08,7251.65,826687.96,826687.96,Net 45,Paid,Approved,u.acc1,u.dm.mar,15/11/2025,"Gate valve 24""",Operations,CC-110,PRJ-DEMO-03 Digital Ops,Pipeline Maintenance,N,XD640322103520350880749600000,SYNTHETIC SAMPLE — NOT SUMED DATA
007-INV-00094,S007,Canal Logistics (Demo),15/12/2025,17/12/2025,14/01/2026,PO-DEMO-00095,GRN-DEMO-00094,,EGP,1223883.84,171343.74,36716.52,1395227.58,1395227.58,Net 30,Paid,Approved,u.acc2,u.dm.ops,19/12/2025,Customs clearance (file),Administration,CC-170,,Logistics,N,XD710405991615374453280500000,SYNTHETIC SAMPLE — NOT SUMED DATA
002-INV-00095,S002,Delta Pipeline Works (Demo),06/05/2026,08/05/2026,20/06/2026,PO-DEMO-00096,GRN-DEMO-00095,C-DEMO-002,EGP,714346.98,100008.58,7143.47,814355.56,814355.56,Net 45,Paid,Approved,u.acc1,u.dm.mar,13/05/2026,"Gate valve 24""; Flange gasket set; Pipe coating (m²)",Finance,CC-160,,Pipeline Maintenance,N,XD640322103520350880749600000,SYNTHETIC SAMPLE — NOT SUMED DATA
002-INV-00096,S002,Delta Pipeline Works (Demo),07/07/2026,09/07/2026,21/08/2026,PO-DEMO-00097,GRN-DEMO-00096,C-DEMO-002,EGP,1209743.35,169364.07,12097.43,1379107.42,1379107.42,Net 45,Approved,Approved,u.acc1,u.dm.ops,14/07/2026,"Cleaning pig unit; Gate valve 24""",IT,CC-150,,Pipeline Maintenance,N,XD640322103520350880749600000,SYNTHETIC SAMPLE — NOT SUMED DATA
002-INV-00097,S002,Delta Pipeline Works (Demo),04/06/2026,06/06/2026,19/07/2026,PO-DEMO-00099,GRN-DEMO-00097,C-DEMO-002,EGP,947385.85,132634.02,9473.86,1080019.87,1080019.87,Net 45,Paid,Approved,u.acc2,u.dm.mnt,09/06/2026,"Gate valve 24""",Finance,CC-160,PRJ-DEMO-02 Pipeline Integrity,Pipeline Maintenance,N,XD640322103520350880749600000,SYNTHETIC SAMPLE — NOT SUMED DATA
015-INV-00098,S015,Lotus Trading Co (Demo),13/05/2026,15/05/2026,12/06/2026,PO-DEMO-00100,GRN-DEMO-00098,,EGP,196858.12,27560.14,1968.58,224418.26,224418.26,Net 30,Paid,Approved,u.acc1,u.dm.mar,16/05/2026,Pump impeller,Administration,CC-170,PRJ-DEMO-02 Pipeline Integrity,Spare Parts,N,XD980389361091113606588900000,SYNTHETIC SAMPLE — NOT SUMED DATA
008-INV-00099,S008,Coastal Facilities Mgmt (Demo),26/07/2026,28/07/2026,25/08/2026,PO-DEMO-00101,GRN-DEMO-00099,C-DEMO-005,EGP,722716.75,101180.35,21681.5,823897.1,823897.1,2/10 Net 30,Paid,Approved,u.acc1,u.dm.mar,01/08/2026,Cleaning (month),Maintenance,CC-130,,Facilities,N,XD340489879710371181621000000,SYNTHETIC SAMPLE — NOT SUMED DATA
011-INV-00100,S011,Red Sea Marine (Demo),15/05/2026,17/05/2026,29/06/2026,PO-DEMO-00102,GRN-DEMO-00100,C-DEMO-006,USD,18665.92,2613.23,559.98,21279.15,21279.15,Net 45,Paid,Approved,u.acc1,u.dm.mar,18/05/2026,Mooring service (call),Administration,CC-170,PRJ-DEMO-02 Pipeline Integrity,Marine Services,N,XD810439693948117006241200000,SYNTHETIC SAMPLE — NOT SUMED DATA
003-INV-00101,S003,Nile Safety Supplies (Demo),13/01/2026,15/01/2026,12/02/2026,PO-DEMO-00103,GRN-DEMO-00101,C-DEMO-011,EGP,1046799.18,146551.89,10467.99,1193351.07,1193351.07,2/10 Net 30,Paid,Approved,u.acc2,u.dm.mar,15/01/2026,"Gas detector; Oil-spill boom (m)",IT,CC-150,,Safety & Environment,N,XD730338881139360962030500000,SYNTHETIC SAMPLE — NOT SUMED DATA
017-INV-00102,S017,Sahara Telecom (Demo),08/07/2026,10/07/2026,07/08/2026,PO-DEMO-00104,GRN-DEMO-00102,,EGP,246267.76,34477.49,7388.03,280745.25,280745.25,Net 30,Paid,Approved,u.acc1,u.dm.mar,12/07/2026,Support (month),Maintenance,CC-130,,IT & Telecom,N,XD100406138710123687869800000,SYNTHETIC SAMPLE — NOT SUMED DATA
005-INV-00103,S005,Mediterranean Engineering (Demo),12/09/2026,14/09/2026,11/11/2026,PO-DEMO-00105,GRN-DEMO-00103,C-DEMO-004,EUR,20191.83,0,0,20191.83,20191.83,Net 60,Approved,Approved,u.acc2,u.dm.mar,17/09/2026,Design review (package),HSE,CC-140,PRJ-DEMO-03 Digital Ops,Engineering Services,N,XD450439546853367771651900000,SYNTHETIC SAMPLE — NOT SUMED DATA
001-INV-00104,S001,Alpha Marine Services (Demo),04/02/2026,06/02/2026,06/03/2026,PO-DEMO-00106,GRN-DEMO-00104,C-DEMO-001,USD,804.98,112.7,24.15,917.68,917.68,Net 30,Paid,Approved,u.acc2,u.dm.mar,07/02/2026,Tug assistance (hour),Marine Terminal,CC-120,,Marine Services,N,XD530372436377354290718700000,SYNTHETIC SAMPLE — NOT SUMED DATA
010-INV-00105,S010,Sinai Spare Parts (Demo),17/05/2026,19/05/2026,16/06/2026,PO-DEMO-00107,GRN-DEMO-00105,,EGP,540304.6,75642.64,5403.05,615947.24,615947.24,Net 30,Paid,Approved,u.acc1,u.dm.ops,20/05/2026,Bearing set,Marine Terminal,CC-120,,Spare Parts,N,XD960456471567127097838900000,SYNTHETIC SAMPLE — NOT SUMED DATA
006-INV-00106,S006,Pharos Spare Parts (Demo),12/08/2026,14/08/2026,26/09/2026,PO-DEMO-00108,GRN-DEMO-00106,,EGP,1148325.3,160765.54,11483.25,1309090.84,1309090.84,Net 45,Paid,Approved,u.acc2,u.dm.mar,19/08/2026,Bearing set,Operations,CC-110,,Spare Parts,N,XD620389213996364371999600000,SYNTHETIC SAMPLE — NOT SUMED DATA
011-INV-00107,S011,Red Sea Marine (Demo),26/02/2026,28/02/2026,12/04/2026,PO-DEMO-00109,GRN-DEMO-00107,C-DEMO-006,USD,21978.73,3077.02,219.79,25055.75,25055.75,Net 45,Paid,Approved,u.acc2,u.dm.mar,05/03/2026,"Floating hose section; Mooring service (call)",HSE,CC-140,,Marine Services,N,XD810439693948117006241200000,SYNTHETIC SAMPLE — NOT SUMED DATA
001-INV-00108,S001,Alpha Marine Services (Demo),07/04/2026,09/04/2026,07/05/2026,PO-DEMO-00110,GRN-DEMO-00108,C-DEMO-001,USD,11435.1,1600.91,343.05,13036.01,13036.01,Net 30,Approved,Approved,u.acc2,u.dm.mnt,13/04/2026,Tug assistance (hour),Operations,CC-110,PRJ-DEMO-02 Pipeline Integrity,Marine Services,N,XD530372436377354290718700000,SYNTHETIC SAMPLE — NOT SUMED DATA
002-INV-00109,S002,Delta Pipeline Works (Demo),02/10/2026,04/10/2026,16/11/2026,PO-DEMO-00111,GRN-DEMO-00109,C-DEMO-002,EGP,703726.02,98521.64,7037.26,802247.66,,Net 45,Paid,Pending Approval,u.acc1,,,Cleaning pig unit,Marine Terminal,CC-120,,Pipeline Maintenance,N,XD640322103520350880749600000,SYNTHETIC SAMPLE — NOT SUMED DATA
003-INV-00110,S003,Nile Safety Supplies (Demo),04/01/2026,06/01/2026,03/02/2026,PO-DEMO-00112,GRN-DEMO-00110,C-DEMO-011,EGP,770148.19,107820.75,7701.48,877968.94,877968.94,2/10 Net 30,Paid,Approved,u.acc2,u.dm.mnt,09/01/2026,"PPE kit; Gas detector",Administration,CC-170,PRJ-DEMO-01 Terminal Upgrade,Safety & Environment,N,XD730338881139360962030500000,SYNTHETIC SAMPLE — NOT SUMED DATA
002-INV-00111,S002,Delta Pipeline Works (Demo),24/09/2026,26/09/2026,08/11/2026,PO-DEMO-00113,GRN-DEMO-00111,C-DEMO-002,EGP,846569.65,118519.75,8465.7,965089.4,965089.4,Net 45,Approved,Approved,u.acc1,u.dm.ops,26/09/2026,"Flange gasket set; Cleaning pig unit",Maintenance,CC-130,,Pipeline Maintenance,N,XD640322103520350880749600000,SYNTHETIC SAMPLE — NOT SUMED DATA
017-INV-00112,S017,Sahara Telecom (Demo),29/12/2025,31/12/2025,28/01/2026,PO-DEMO-00114,GRN-DEMO-00112,,EGP,522080,73091.2,5220.8,595171.2,595171.2,Net 30,Paid,Approved,u.acc2,u.dm.ops,01/01/2026,Server node,Administration,CC-170,PRJ-DEMO-03 Digital Ops,IT & Telecom,N,XD100406138710123687869800000,SYNTHETIC SAMPLE — NOT SUMED DATA
016-INV-00113,S016,Bright Cleaning (Demo),15/08/2026,17/08/2026,14/09/2026,PO-DEMO-00115,GRN-DEMO-00113,C-DEMO-010,EGP,585099,81913.86,17552.97,667012.86,667012.86,2/10 Net 30,Approved,Approved,u.acc1,u.dm.ops,17/08/2026,Cleaning (month),Administration,CC-170,PRJ-DEMO-01 Terminal Upgrade,Facilities,N,XD720422916329106924960300000,SYNTHETIC SAMPLE — NOT SUMED DATA
002-INV-00114,S002,Delta Pipeline Works (Demo),30/06/2026,02/07/2026,14/08/2026,PO-DEMO-00116,GRN-DEMO-00114,C-DEMO-002,EGP,24667.24,3453.41,246.67,28120.65,28120.65,Net 45,Paid,Approved,u.acc2,u.dm.mnt,06/07/2026,Pipe coating (m²),Finance,CC-160,,Pipeline Maintenance,N,XD640322103520350880749600000,SYNTHETIC SAMPLE — NOT SUMED DATA
004-INV-00115,S004,Horizon IT Solutions (Demo),06/04/2026,08/04/2026,06/05/2026,PO-DEMO-00117,GRN-DEMO-00115,C-DEMO-003,EGP,2232871.46,312602,66986.14,2545473.46,2545473.46,Net 30,Paid,Approved,u.acc1,u.dm.mar,10/04/2026,"Software licence (user/yr); Server node",Maintenance,CC-130,,IT & Telecom,N,XD360422769234357690371000000,SYNTHETIC SAMPLE — NOT SUMED DATA
001-INV-00116,S001,Alpha Marine Services (Demo),03/01/2026,05/01/2026,02/02/2026,PO-DEMO-00118,GRN-DEMO-00116,C-DEMO-001,USD,30426.6,4259.72,912.8,34686.32,34686.32,Net 30,Paid,Approved,u.acc1,u.dm.mar,09/01/2026,"Tug assistance (hour); Floating hose section",Administration,CC-170,,Marine Services,N,XD530372436377354290718700000,SYNTHETIC SAMPLE — NOT SUMED DATA
004-INV-00117,S004,Horizon IT Solutions (Demo),04/03/2026,06/03/2026,03/04/2026,PO-DEMO-00119,GRN-DEMO-00117,C-DEMO-003,EGP,2089590.49,292542.67,20895.9,2382133.16,2382133.16,Net 30,Paid,Approved,u.acc2,u.dm.ops,07/03/2026,"Server node; Support (month); Software licence (user/yr)",Maintenance,CC-130,PRJ-DEMO-03 Digital Ops,IT & Telecom,N,XD360422769234357690371000000,SYNTHETIC SAMPLE — NOT SUMED DATA
013-INV-00118,S013,Giza Pipe Coating (Demo),22/02/2026,24/02/2026,23/04/2026,PO-DEMO-00120,GRN-DEMO-00118,C-DEMO-008,EGP,677276.01,94818.64,6772.76,772094.65,772094.65,Net 60,Paid,Approved,u.acc2,u.dm.ops,24/02/2026,"Gate valve 24""; Flange gasket set",Operations,CC-110,PRJ-DEMO-02 Pipeline Integrity,Pipeline Maintenance,N,XD610473249186110334929400000,SYNTHETIC SAMPLE — NOT SUMED DATA
006-INV-00119,S006,Pharos Spare Parts (Demo),11/07/2026,13/07/2026,25/08/2026,PO-DEMO-00121,GRN-DEMO-00119,,EGP,2093162.06,293042.69,20931.62,2386204.75,2386204.75,Net 45,Approved,Approved,u.acc2,u.dm.ops,16/07/2026,"Pump impeller; Bearing set",Administration,CC-170,,Spare Parts,N,XD620389213996364371999600000,SYNTHETIC SAMPLE — NOT SUMED DATA
001-INV-00120,S001,Alpha Marine Services (Demo),09/12/2025,11/12/2025,08/01/2026,PO-DEMO-00122,GRN-DEMO-00120,C-DEMO-001,USD,36173.12,5064.24,1085.19,41237.36,41237.36,Net 30,Paid,Approved,u.acc2,u.dm.mnt,16/12/2025,"Mooring service (call); Tug assistance (hour)",Maintenance,CC-130,PRJ-DEMO-01 Terminal Upgrade,Marine Services,N,XD530372436377354290718700000,SYNTHETIC SAMPLE — NOT SUMED DATA
012-INV-00121,S012,Ocean Spill Response (Demo),12/07/2026,14/07/2026,11/08/2026,PO-DEMO-00123,GRN-DEMO-00121,C-DEMO-007,USD,24367.35,0,0,24367.35,24367.35,Net 30,Paid,Approved,u.acc2,u.dm.mar,16/07/2026,"Oil-spill boom (m); PPE kit; Gas detector",IT,CC-150,,Safety & Environment,N,XD700490026805120416210300000,SYNTHETIC SAMPLE — NOT SUMED DATA
011-INV-00122,S011,Red Sea Marine (Demo),08/02/2026,10/02/2026,25/03/2026,PO-DEMO-00124,GRN-DEMO-00122,C-DEMO-006,USD,27381.67,3833.43,821.45,31215.1,31215.1,Net 45,Paid,Approved,u.acc2,u.dm.mnt,15/02/2026,"Mooring service (call); Tug assistance (hour)",HSE,CC-140,PRJ-DEMO-02 Pipeline Integrity,Marine Services,N,XD810439693948117006241200000,SYNTHETIC SAMPLE — NOT SUMED DATA
001-INV-00123,S001,Alpha Marine Services (Demo),07/11/2025,09/11/2025,07/12/2025,PO-DEMO-00126,GRN-DEMO-00123,C-DEMO-001,USD,20758.92,2906.25,622.77,23665.17,23665.17,Net 30,Paid,Approved,u.acc1,u.dm.mar,12/11/2025,"Mooring service (call); Floating hose section",Operations,CC-110,PRJ-DEMO-03 Digital Ops,Marine Services,N,XD530372436377354290718700000,SYNTHETIC SAMPLE — NOT SUMED DATA
004-INV-00124,S004,Horizon IT Solutions (Demo),17/05/2026,19/05/2026,16/06/2026,PO-DEMO-00127,GRN-DEMO-00124,C-DEMO-003,EGP,1088060.04,152328.41,10880.6,1240388.45,1240388.45,Net 30,Paid,Approved,u.acc1,u.dm.mnt,20/05/2026,Server node,Finance,CC-160,PRJ-DEMO-03 Digital Ops,IT & Telecom,Y,XD360422769234357690371000000,SYNTHETIC SAMPLE — NOT SUMED DATA
002-INV-00125,S002,Delta Pipeline Works (Demo),07/04/2026,09/04/2026,22/05/2026,PO-DEMO-00128,GRN-DEMO-00125,C-DEMO-002,EGP,874879.21,122483.09,8748.79,997362.3,997362.3,Net 45,Paid,Approved,u.acc2,u.dm.ops,11/04/2026,"Gate valve 24""; Pipe coating (m²)",Marine Terminal,CC-120,,Pipeline Maintenance,N,XD640322103520350880749600000,SYNTHETIC SAMPLE — NOT SUMED DATA
007-INV-00126,S007,Canal Logistics (Demo),13/01/2026,15/01/2026,12/02/2026,PO-DEMO-00129,GRN-DEMO-00126,,EGP,1730218.51,242230.59,51906.56,1972449.1,1972449.1,Net 30,Paid,Approved,u.acc2,u.dm.mar,15/01/2026,"Trucking (trip); Customs clearance (file)",Administration,CC-170,,Logistics,N,XD710405991615374453280500000,SYNTHETIC SAMPLE — NOT SUMED DATA
009-INV-00127,S009,Atlas Advisory (Demo),01/07/2026,03/07/2026,31/07/2026,PO-DEMO-00130,GRN-DEMO-00127,,USD,11417,0,0,11417,11417,Net 30,Paid,Approved,u.acc1,u.dm.ops,09/07/2026,Advisory (day),Maintenance,CC-130,PRJ-DEMO-02 Pipeline Integrity,Consulting,N,XD12INVALIDIBAN000,SYNTHETIC SAMPLE — NOT SUMED DATA
017-INV-00128,S017,Sahara Telecom (Demo),28/04/2026,30/04/2026,28/05/2026,PO-DEMO-00131,GRN-DEMO-00128,,EGP,1581575.84,221420.62,47447.28,1802996.46,1802996.46,Net 30,Paid,Approved,u.acc1,u.dm.ops,02/05/2026,"Support (month); Server node",HSE,CC-140,,IT & Telecom,Y,XD100406138710123687869800000,SYNTHETIC SAMPLE — NOT SUMED DATA
007-INV-00129,S007,Canal Logistics (Demo),13/12/2025,15/12/2025,12/01/2026,PO-DEMO-00132,GRN-DEMO-00129,,EGP,1189985.48,166597.97,35699.56,1356583.45,1356583.45,Net 30,Paid,Approved,u.acc1,u.dm.ops,19/12/2025,Customs clearance (file),HSE,CC-140,PRJ-DEMO-01 Terminal Upgrade,Logistics,N,XD710405991615374453280500000,SYNTHETIC SAMPLE — NOT SUMED DATA
001-INV-00130,S001,Alpha Marine Services (Demo),04/10/2026,06/10/2026,03/11/2026,PO-DEMO-00133,GRN-DEMO-00130,C-DEMO-001,USD,16230.42,2272.26,486.91,18502.68,18502.68,Net 30,Approved,Approved,u.acc1,u.dm.mnt,06/10/2026,"Mooring service (call); Tug assistance (hour)",Operations,CC-110,PRJ-DEMO-02 Pipeline Integrity,Marine Services,N,XD530372436377354290718700000,SYNTHETIC SAMPLE — NOT SUMED DATA
007-INV-00131,S007,Canal Logistics (Demo),22/12/2025,24/12/2025,21/01/2026,PO-DEMO-00134,GRN-DEMO-00131,,EGP,887898.62,124305.81,26636.96,1012204.43,1012204.43,Net 30,Paid,Approved,u.acc2,u.dm.ops,29/12/2025,Trucking (trip),Marine Terminal,CC-120,,Logistics,N,XD710405991615374453280500000,SYNTHETIC SAMPLE — NOT SUMED DATA
003-INV-00132,S003,Nile Safety Supplies (Demo),19/09/2026,21/09/2026,19/10/2026,PO-DEMO-00135,GRN-DEMO-00132,C-DEMO-011,EGP,757565.15,106059.12,7575.65,863624.27,863624.27,2/10 Net 30,Approved,Approved,u.acc1,u.dm.ops,23/09/2026,Oil-spill boom (m),IT,CC-150,,Safety & Environment,N,XD730338881139360962030500000,SYNTHETIC SAMPLE — NOT SUMED DATA
002-INV-00133,S002,Delta Pipeline Works (Demo),08/02/2026,10/02/2026,25/03/2026,PO-DEMO-00136,GRN-DEMO-00133,C-DEMO-002,EGP,1809916.58,253388.32,18099.17,2063304.9,2063304.9,Net 45,Paid,Approved,u.acc2,u.dm.ops,13/02/2026,"Cleaning pig unit; Pipe coating (m²); Flange gasket set",Operations,CC-110,PRJ-DEMO-01 Terminal Upgrade,Pipeline Maintenance,N,XD640322103520350880749600000,SYNTHETIC SAMPLE — NOT SUMED DATA
002-INV-00134,S002,Delta Pipeline Works (Demo),20/07/2026,22/07/2026,03/09/2026,PO-DEMO-00137,GRN-DEMO-00134,C-DEMO-002,EGP,457148.41,64000.78,4571.48,521149.19,521149.19,Net 45,Paid,Approved,u.acc2,u.dm.ops,28/07/2026,"Pipe coating (m²); Flange gasket set",Operations,CC-110,,Pipeline Maintenance,Y,XD640322103520350880749600000,SYNTHETIC SAMPLE — NOT SUMED DATA
001-INV-00135,S001,Alpha Marine Services (Demo),14/09/2026,16/09/2026,14/10/2026,PO-DEMO-00138,GRN-DEMO-00135,C-DEMO-001,USD,5613.37,785.87,168.4,6399.24,6399.24,Net 30,Approved,Approved,u.acc1,u.dm.ops,18/09/2026,Tug assistance (hour),Administration,CC-170,PRJ-DEMO-03 Digital Ops,Marine Services,N,XD530372436377354290718700000,SYNTHETIC SAMPLE — NOT SUMED DATA
001-INV-00136,S001,Alpha Marine Services (Demo),10/08/2026,12/08/2026,09/09/2026,PO-DEMO-00139,GRN-DEMO-00136,C-DEMO-001,USD,11017.86,1542.5,330.54,12560.36,12560.36,Net 30,Paid,Approved,u.acc2,u.dm.ops,12/08/2026,Tug assistance (hour),HSE,CC-140,PRJ-DEMO-02 Pipeline Integrity,Marine Services,N,XD530372436377354290718700000,SYNTHETIC SAMPLE — NOT SUMED DATA
002-INV-00137,S002,Delta Pipeline Works (Demo),13/12/2025,15/12/2025,27/01/2026,PO-DEMO-00140,GRN-DEMO-00137,C-DEMO-002,EGP,553904.62,77546.65,5539.05,631451.27,631451.27,Net 45,Paid,Approved,u.acc1,u.dm.ops,19/12/2025,"Flange gasket set; Pipe coating (m²)",Operations,CC-110,,Pipeline Maintenance,N,XD640322103520350880749600000,SYNTHETIC SAMPLE — NOT SUMED DATA
001-INV-00138,S001,Alpha Marine Services (Demo),27/07/2026,29/07/2026,26/08/2026,PO-DEMO-00141,GRN-DEMO-00138,C-DEMO-001,USD,23870.52,3341.87,716.12,27212.39,27212.39,Net 30,Paid,Approved,u.acc1,u.dm.mar,03/08/2026,Mooring service (call),Administration,CC-170,PRJ-DEMO-02 Pipeline Integrity,Marine Services,N,XD530372436377354290718700000,SYNTHETIC SAMPLE — NOT SUMED DATA
015-INV-00139,S015,Lotus Trading Co (Demo),03/10/2026,05/10/2026,02/11/2026,PO-DEMO-00142,GRN-DEMO-00139,,EGP,2899109.12,405875.28,28991.09,3304984.4,3304984.4,Net 30,Approved,Approved,u.acc2,u.dm.ops,06/10/2026,"Pump impeller; Flange gasket set; Mechanical seal",Administration,CC-170,PRJ-DEMO-02 Pipeline Integrity,Spare Parts,N,XD980389361091113606588900000,SYNTHETIC SAMPLE — NOT SUMED DATA
013-INV-00140,S013,Giza Pipe Coating (Demo),18/11/2025,20/11/2025,17/01/2026,PO-DEMO-00143,GRN-DEMO-00140,C-DEMO-008,EGP,1553044.14,217426.18,15530.44,1770470.32,1770470.32,Net 60,Paid,Approved,u.acc1,u.dm.mar,26/11/2025,"Gate valve 24""; Cleaning pig unit",Maintenance,CC-130,PRJ-DEMO-03 Digital Ops,Pipeline Maintenance,N,XD610473249186110334929400000,SYNTHETIC SAMPLE — NOT SUMED DATA
001-INV-00141,S001,Alpha Marine Services (Demo),29/06/2026,01/07/2026,29/07/2026,PO-DEMO-00144,GRN-DEMO-00141,C-DEMO-001,USD,1606.94,224.97,48.21,1831.91,1831.91,Net 30,Paid,Approved,u.acc1,u.dm.ops,04/07/2026,Tug assistance (hour),Marine Terminal,CC-120,PRJ-DEMO-02 Pipeline Integrity,Marine Services,N,XD530372436377354290718700000,SYNTHETIC SAMPLE — NOT SUMED DATA
001-INV-00142,S001,Alpha Marine Services (Demo),30/05/2026,01/06/2026,29/06/2026,PO-DEMO-00145,GRN-DEMO-00142,C-DEMO-001,USD,27750.21,3885.03,832.51,31635.24,31635.24,Net 30,Paid,Approved,u.acc1,u.dm.mnt,05/06/2026,"Tug assistance (hour); Mooring service (call)",Administration,CC-170,,Marine Services,N,XD530372436377354290718700000,SYNTHETIC SAMPLE — NOT SUMED DATA
011-INV-00143,S011,Red Sea Marine (Demo),03/05/2026,05/05/2026,17/06/2026,PO-DEMO-00146,GRN-DEMO-00143,C-DEMO-006,USD,29231.4,4092.4,876.94,33323.8,33323.8,Net 45,Paid,Approved,u.acc2,u.dm.ops,10/05/2026,"Tug assistance (hour); Floating hose section",Maintenance,CC-130,,Marine Services,N,XD810439693948117006241200000,SYNTHETIC SAMPLE — NOT SUMED DATA
002-INV-00144,S002,Delta Pipeline Works (Demo),19/05/2026,21/05/2026,03/07/2026,PO-DEMO-00147,GRN-DEMO-00144,C-DEMO-002,EGP,526627.5,73727.85,5266.28,600355.35,600355.35,Net 45,Paid,Approved,u.acc2,u.dm.mnt,24/05/2026,Flange gasket set,Maintenance,CC-130,PRJ-DEMO-03 Digital Ops,Pipeline Maintenance,N,XD640322103520350880749600000,SYNTHETIC SAMPLE — NOT SUMED DATA
004-INV-00145,S004,Horizon IT Solutions (Demo),18/04/2026,20/04/2026,18/05/2026,PO-DEMO-00148,GRN-DEMO-00145,C-DEMO-003,EGP,1234081.76,172771.45,37022.45,1406853.21,1406853.21,Net 30,Paid,Approved,u.acc2,u.dm.ops,23/04/2026,"Support (month); Server node",Operations,CC-110,,IT & Telecom,N,XD360422769234357690371000000,SYNTHETIC SAMPLE — NOT SUMED DATA
001-INV-00146,S001,Alpha Marine Services (Demo),22/12/2025,24/12/2025,21/01/2026,PO-DEMO-00149,GRN-DEMO-00146,C-DEMO-001,USD,42722.88,5981.2,1281.69,48704.08,48704.08,Net 30,Paid,Approved,u.acc1,u.dm.mar,28/12/2025,"Tug assistance (hour); Floating hose section",IT,CC-150,PRJ-DEMO-02 Pipeline Integrity,Marine Services,N,XD530372436377354290718700000,SYNTHETIC SAMPLE — NOT SUMED DATA
021-INV-00147,S021,Thames Inspection (Demo),14/11/2025,16/11/2025,14/12/2025,PO-DEMO-00150,GRN-DEMO-00147,,GBP,24401.2,0,0,24401.2,24401.2,Net 30,Paid,Approved,u.acc1,u.dm.mnt,19/11/2025,"Design review (package); Inspection (day)",HSE,CC-140,PRJ-DEMO-02 Pipeline Integrity,Engineering Services,N,XD522855126631008486164500000,SYNTHETIC SAMPLE — NOT SUMED DATA
002-INV-00001,S002,Delta Pipeline Works (Demo),30/09/2026,11/10/2026,14/11/2026,PO-DEMO-00001,GRN-DEMO-00001,C-DEMO-002,EGP,1090688.69,152696.42,10906.89,1243385.11,1243385.11,Net 45,Received,Pending Approval,u.acc2,,06/10/2026,"Cleaning pig unit; Flange gasket set; Gate valve 24""",HSE,CC-140,,Pipeline Maintenance,N,XD640322103520350880749600000,SYNTHETIC SAMPLE — NOT SUMED DATA
6/inv/00006,S006,Pharos Spare Parts (Demo),15/01/2026,18/01/2026,01/03/2026,PO-DEMO-00006,GRN-DEMO-00006,,EGP,449422.56,62919.16,4494.23,512341.72,512341.72,Net 45,Paid,Approved,u.acc2,u.dm.ops,18/01/2026,Flange gasket set,Maintenance,CC-130,,Spare Parts,N,XD620389213996364371999600000,SYNTHETIC SAMPLE — NOT SUMED DATA
22-INV-SPL1,S022,Quick Courier (Demo),27/09/2026,28/09/2026,12/10/2026,,,,EGP,85000,11900,2550,96900,,Net 15,Approved,Approved,u.acc1,u.dm.mar,29/09/2026,Urgent courier services — Marine Terminal,Marine Terminal,CC-120,,Logistics,Y,XD362871904250421219984600000,SYNTHETIC SAMPLE — NOT SUMED DATA
22-INV-SPL2,S022,Quick Courier (Demo),28/09/2026,29/09/2026,13/10/2026,,,,EGP,85700,11998,2571,97698,,Net 15,Approved,Approved,u.acc1,u.dm.mar,30/09/2026,Urgent courier services — Marine Terminal,Marine Terminal,CC-120,,Logistics,Y,XD362871904250421219984600000,SYNTHETIC SAMPLE — NOT SUMED DATA
22-INV-SPL3,S022,Quick Courier (Demo),29/09/2026,30/09/2026,14/10/2026,,,,EGP,86400,12096,2592,98496,,Net 15,Approved,Approved,u.acc2,u.dm.mar,01/10/2026,Urgent courier services — Marine Terminal,Marine Terminal,CC-120,,Logistics,Y,XD362871904250421219984600000,SYNTHETIC SAMPLE — NOT SUMED DATA
09-INV-RND01,S009,Atlas Advisory (Demo),30/09/2026,01/10/2026,08/10/2026,,,,USD,50000,0,0,50000,,Net 30,Approved,Approved,u.acc1,u.fd,02/10/2026,Advisory retainer,Finance,CC-160,,Consulting,,XD12INVALIDIBAN000,SYNTHETIC SAMPLE — NOT SUMED DATA
02-INV-RND02,S002,Delta Pipeline Works (Demo),03/10/2026,04/10/2026,17/11/2026,,,,EGP,4500000,630000,45000,5130000,,Net 45,Received,Pending Approval,u.acc2,,,Additional works — variation order,Maintenance,CC-130,,Pipeline Maintenance,,XD640322103520350880749600000,SYNTHETIC SAMPLE — NOT SUMED DATA
04-INV-NOGRN,S004,Horizon IT Solutions (Demo),01/10/2026,02/10/2026,31/10/2026,PO-DEMO-00043,,C-DEMO-003,EGP,706152.78,98861.39,21184.58,805014.17,,Net 30,Exception,Pending Approval,u.acc1,,,Licences — billed before delivery,IT,CC-150,,IT & Telecom,,,SYNTHETIC SAMPLE — NOT SUMED DATA
13-INV-OFFC,S013,Giza Pipe Coating (Demo),26/09/2026,27/09/2026,25/11/2026,,,C-DEMO-008,EGP,1250000,175000,12500,1425000,,Net 60,Approved,Approved,u.acc1,u.fd,29/09/2026,Pipe coating — continuation after contract expiry,Maintenance,CC-130,,Pipeline Maintenance,,XD610473249186110334929400000,SYNTHETIC SAMPLE — NOT SUMED DATA
17-INV-TAX10,S017,Sahara Telecom (Demo),24/09/2026,25/09/2026,24/10/2026,,,,EGP,640000,64000,19200,704000,,Net 30,Approved,Approved,u.acc2,u.fd,27/09/2026,Telecom links — quarterly,IT,CC-150,,IT & Telecom,,XD100406138710123687869800000,SYNTHETIC SAMPLE — NOT SUMED DATA
07-INV-NODUE,S007,Canal Logistics (Demo),21/09/2026,,,,,,EGP,92000,12880,,104880,,,Received,Pending Approval,u.acc1,,,Trucking — ad hoc,Operations,CC-110,,Logistics,,,SYNTHETIC SAMPLE — NOT SUMED DATA
06-CN-0007,S006,Pharos Spare Parts (Demo),16/09/2026,,16/10/2026,,,,EGP,-45000,-6300,,-51300,,,Approved,Approved,u.acc2,u.apm,,Credit note — returned seals,,,,Spare Parts,,,SYNTHETIC SAMPLE — NOT SUMED DATA
16-INV-ZERO,S016,Bright Cleaning (Demo),22/09/2026,,22/10/2026,,,,EGP,0,0,,0,,,Received,Pending Approval,u.acc1,,,Zero-value invoice,,,,Facilities,,,SYNTHETIC SAMPLE — NOT SUMED DATA
X-INV-7781,S099,Unregistered Trader (Demo),28/09/2026,,28/10/2026,,,,EGP,310000,43400,,353400,,,Received,Pending Approval,u.acc2,,,Supplies — supplier not in master,,,,Spare Parts,,,SYNTHETIC SAMPLE — NOT SUMED DATA
21-INV-00031,S021,Thames Inspection Ltd,18/09/2026,,18/10/2026,,,,GBP,38000,0,,38000,,,Approved,Approved,u.acc2,u.fd,21/09/2026,Third-party inspection,Operations,CC-110,,Engineering Services,,,SYNTHETIC SAMPLE — NOT SUMED DATA
19-INV-00001,S019,Dormant Supplies (Demo),24/05/2025,,23/06/2025,,,,EGP,60000,8400,,68400,,,Paid,Approved,u.acc2,u.dm.mnt,29/05/2025,Bearings,,,,Spare Parts,,,SYNTHETIC SAMPLE — NOT SUMED DATA
19-INV-00002,S019,Dormant Supplies (Demo),02/10/2026,,07/10/2026,,,,EGP,870000,121800,,991800,,,Approved,Approved,u.acc2,u.dm.mnt,03/10/2026,Bearings and seals — urgent,,,,Spare Parts,Y,XD330573914900117144550800000,SYNTHETIC SAMPLE — NOT SUMED DATA
20-INV-00045,S020,Blocked Vendor (Demo),06/09/2026,,06/10/2026,,,,EGP,215000,30100,,245100,,,Paid,Approved,u.acc2,u.fd,11/09/2026,Trucking,,,,Logistics,,,SYNTHETIC SAMPLE — NOT SUMED DATA
15-INV-00077,S015,Lotus Trading Co (Demo),10/09/2026,11/09/2026,01/10/2026,,,,EGP,84000,11760,840,95760,,Net 30,Paid,Approved,u.acc1,u.pm,12/09/2026,Gasket sets — spot purchase,Maintenance,CC-130,,Spare Parts,,XD980389361091113606588900000,SYNTHETIC SAMPLE — NOT SUMED DATA